FlightNumber,Date,BoosterVersion,LaunchSite,Payload,PayloadMass,Orbit,Customer,LaunchOutcome,LandingSuccess,LandingType,Lat,Long
1,2010-06-04 18:45:00,F9 v1.0 B0003,CCAFS SLC-40,Dragon Spacecraft Qualification Unit,,LEO,SpaceX,Success,0.0,Parachute,28.5623,-80.5774
2,2010-12-08 15:43:00,F9 v1.0 B0004,CCAFS SLC-40,SpaceX COTS Demo Flight 1 (Dragon C101),,LEO,NASA (COTS),Success,0.0,Parachute,28.5623,-80.5774
3,2012-05-22 07:44:00,F9 v1.0 B0005,CCAFS SLC-40,SpaceX COTS Demo Flight 2 (Dragon C102),525.0,LEO (ISS),NASA (COTS),Success,0.0,Other,28.5623,-80.5774
4,2012-10-08 00:35:00,F9 v1.0 B0006,CCAFS SLC-40,SpaceX CRS-1 (Dragon C103),4700.0,LEO (ISS),NASA (CRS),Success,,No attempt,28.5623,-80.5774
5,2013-03-01 15:10:00,F9 v1.0 B0007,CCAFS SLC-40,SpaceX CRS-2 (Dragon C104),4877.0,LEO (ISS),NASA (CRS),Success,0.0,Other,28.5623,-80.5774
6,2013-09-29 16:00:00,F9 v1.1 B1003,VAFB SLC-4E,CASSIOPE,500.0,Polar orbit LEO,MDA,Success,0.0,Ocean,34.6321,-120.6108
7,2013-12-03 22:41:00,F9 v1.1 B1004,CCAFS SLC-40,SES-8,3170.0,GTO,SES,Success,0.0,Other,28.5623,-80.5774
8,2014-01-06 22:06:00,F9 v1.1 B1005,CCAFS SLC-40,Thaicom 6,3325.0,GTO,Thaicom,Success,0.0,Other,28.5623,-80.5774
9,2014-04-18 19:25:00,F9 v1.1 B1006,CCAFS SLC-40,SpaceX CRS-3 (Dragon C105),2296.0,LEO (ISS),NASA (CRS),Success,0.0,Ocean,28.5623,-80.5774
10,2014-07-14 15:15:00,F9 v1.1 B1007,CCAFS SLC-40,Orbcomm-OG2-1 (6 satellites),1316.0,LEO,Orbcomm,Success,0.0,Ocean,28.5623,-80.5774
11,2014-08-05 08:00:00,F9 v1.1 B1008,CCAFS SLC-40,AsiaSat 8,4535.0,GTO,AsiaSat,Success,0.0,Other,28.5623,-80.5774
12,2014-09-07 05:00:00,F9 v1.1 B1011,CCAFS SLC-40,AsiaSat 6,4428.0,GTO,AsiaSat,Success,0.0,Other,28.5623,-80.5774
13,2014-09-21 05:52:00,F9 v1.1 B1010,CCAFS SLC-40,SpaceX CRS-4 (Dragon C106.1),2216.0,LEO (ISS),NASA (CRS),Success,0.0,Ocean,28.5623,-80.5774
14,2015-01-10 09:47:00,F9 v1.1 B1012,CCAFS SLC-40,SpaceX CRS-5 (Dragon C107),2395.0,LEO (ISS),NASA (CRS),Success,0.0,Drone ship,28.5623,-80.5774
15,2015-02-11 23:03:00,F9 v1.1 B1013,CCAFS SLC-40,DSCOVR,570.0,Sun–Earth L1 insertion,USAF NASA NOAA,Success,0.0,Ocean,28.5623,-80.5774
16,2015-03-02 03:50:00,F9 v1.1 B1014,CCAFS SLC-40,ABS-3A Eutelsat 115 West B,4159.0,GTO,ABS Eutelsat,Success,0.0,Other,28.5623,-80.5774
17,2015-04-14 20:10:00,F9 v1.1 B1015,CCAFS SLC-40,SpaceX CRS-6 (Dragon C108.1),1898.0,LEO (ISS),NASA (CRS),Success,0.0,Drone ship,28.5623,-80.5774
18,2015-04-27 23:03:00,F9 v1.1 B1016,CCAFS SLC-40,TürkmenÄlem 52°E / MonacoSAT,4707.0,GTO,Turkmenistan National Space Agency,Success,0.0,Other,28.5623,-80.5774
19,2015-06-28 14:21:00,F9 v1.1 B1018,CCAFS SLC-40,SpaceX CRS-7 (Dragon C109),1952.0,LEO (ISS),NASA (CRS),Failure,0.0,Drone ship,28.5623,-80.5774
20,2015-12-22 01:29:00,F9 FT B1019,CCAFS SLC-40,Orbcomm-OG2-2 (11 satellites),2034.0,LEO,Orbcomm,Success,1.0,Ground pad,28.5623,-80.5774
21,2016-01-17 18:42:00,F9 v1.1 B1017,VAFB SLC-4E,Jason-3,553.0,LEO,NASA (LSP) NOAA CNES,Success,0.0,Drone ship,34.6321,-120.6108
22,2016-03-04 23:35:00,F9 FT B1020,CCAFS SLC-40,SES-9,5271.0,GTO,SES,Success,0.0,Drone ship,28.5623,-80.5774
23,2016-04-08 20:43:00,F9 FT B1021-1,CCAFS SLC-40,SpaceX CRS-8 (Dragon C110.1),3136.0,LEO (ISS),NASA (CRS),Success,1.0,Drone ship,28.5623,-80.5774
24,2016-05-06 05:21:00,F9 FT B1022,CCAFS SLC-40,JCSAT-14,4696.0,GTO,SKY Perfect JSAT Group,Success,1.0,Drone ship,28.5623,-80.5774
25,2016-05-27 21:39:00,F9 FT B1023-1,CCAFS SLC-40,Thaicom 8,3100.0,GTO,Thaicom,Success,1.0,Drone ship,28.5623,-80.5774
26,2016-06-15 14:29:00,F9 FT B1024,CCAFS SLC-40,ABS-2A Eutelsat 117 West B,3600.0,GTO,ABS Eutelsat,Success,0.0,Drone ship,28.5623,-80.5774
27,2016-07-18 04:45:00,F9 FT B1025-1,CCAFS SLC-40,SpaceX CRS-9 (Dragon C111.1),2257.0,LEO (ISS),NASA (CRS),Success,1.0,Ground pad,28.5623,-80.5774
28,2016-08-14 05:26:00,F9 FT B1026,CCAFS SLC-40,JCSAT-16,4600.0,GTO,SKY Perfect JSAT Group,Success,1.0,Drone ship,28.5623,-80.5774
29,2017-01-14 17:54:00,F9 FT B1029-1,VAFB SLC-4E,Iridium NEXT-1 (10 satellites),9600.0,Polar LEO,Iridium Communications,Success,1.0,Drone ship,34.6321,-120.6108
30,2017-02-19 14:39:00,F9 FT B1031-1,KSC LC-39A,SpaceX CRS-10 (Dragon C112.1),2490.0,LEO (ISS),NASA (CRS),Success,1.0,Ground pad,28.608,-80.6041
31,2017-03-16 06:00:00,F9 FT B1030,KSC LC-39A,EchoStar 23,5600.0,GTO,EchoStar,Success,0.0,Other,28.608,-80.6041
32,2017-03-30 22:27:00,F9 FT B1021-2,KSC LC-39A,SES-10,5300.0,GTO,SES,Success,1.0,Drone ship,28.608,-80.6041
33,2017-05-01 11:15:00,F9 FT B1032-1,KSC LC-39A,NROL-76,,LEO,NRO,Success,1.0,Ground pad,28.608,-80.6041
34,2017-05-15 23:21:00,F9 FT B1034-1,KSC LC-39A,Inmarsat-5 F4,6070.0,GTO,Inmarsat,Success,0.0,Other,28.608,-80.6041
35,2017-06-03 21:07:00,F9 FT B1035-1,KSC LC-39A,SpaceX CRS-11 (Dragon C106.2),2708.0,LEO (ISS),NASA (CRS),Success,1.0,Ground pad,28.608,-80.6041
36,2017-06-23 19:10:00,F9 FT B1029-2,KSC LC-39A,BulgariaSat-1,3669.0,GTO,Bulsatcom,Success,1.0,Drone ship,28.608,-80.6041
37,2017-06-25 20:25:00,F9 FT B1036-1,VAFB SLC-4E,Iridium NEXT-2 (10 satellites),9600.0,LEO,Iridium Communications,Success,1.0,Drone ship,34.6321,-120.6108
38,2017-07-05 23:38:00,F9 FT B1037-1,KSC LC-39A,Intelsat 35e,6761.0,GTO,Intelsat,Success,0.0,Other,28.608,-80.6041
39,2017-08-14 16:31:00,F9 B4 B1039-1,KSC LC-39A,SpaceX CRS-12 (Dragon C113.1),3310.0,LEO (ISS),NASA (CRS),Success,1.0,Ground pad,28.608,-80.6041
40,2017-08-24 18:51:00,F9 FT B1038-1,VAFB SLC-4E,Formosat-5,475.0,SSO,NSPO,Success,1.0,Drone ship,34.6321,-120.6108
41,2017-09-07 14:00:00,F9 B4 B1040-1,KSC LC-39A,Boeing X-37B OTV-5,4990.0,LEO,USAF,Success,1.0,Ground pad,28.608,-80.6041
42,2017-10-09 12:37:00,F9 B4 B1041-1,VAFB SLC-4E,Iridium NEXT-3 (10 satellites),9600.0,Polar LEO,Iridium Communications,Success,1.0,Drone ship,34.6321,-120.6108
43,2017-10-11 22:53:00,F9 FT B1031-2,KSC LC-39A,SES-11 / EchoStar 105,5400.0,GTO,SES S.A. EchoStar,Success,1.0,Drone ship,28.608,-80.6041
44,2017-10-30 19:34:00,F9 B4 B1042-1,KSC LC-39A,Koreasat 5A,3500.0,GTO,KT Corporation,Success,1.0,Drone ship,28.608,-80.6041
45,2017-12-15 15:36:00,F9 FT B1035-2,CCAFS SLC-40,SpaceX CRS-13 (Dragon C108.2),2205.0,LEO (ISS),NASA (CRS),Success,1.0,Ground pad,28.5623,-80.5774
46,2017-12-23 01:27:00,F9 FT B1036-2,VAFB SLC-4E,Iridium NEXT-4 (10 satellites),9600.0,Polar LEO,Iridium Communications,Success,0.0,Ocean,34.6321,-120.6108
47,2018-01-08 01:00:00,F9 B4 B1043-1,CCAFS SLC-40,Zuma,,LEO,Unspecified U.S. government agency,Success,1.0,Ground pad,28.5623,-80.5774
48,2018-01-31 21:25:00,F9 FT B1032-2,CCAFS SLC-40,GovSat-1 (SES-16),4230.0,GTO,SES,Success,0.0,Ocean,28.5623,-80.5774
49,2018-02-22 14:17:00,F9 FT B1038-2,VAFB SLC-4E,Paz,2150.0,SSO,Hisdesat exactEarth,Success,0.0,Other,34.6321,-120.6108
50,2018-03-06 05:33:00,F9 B4 B1044-1,CCAFS SLC-40,Hispasat 30W-6 PODSat,6092.0,GTO,Hispasat NovaWurks,Success,0.0,Ocean,28.5623,-80.5774
51,2018-03-30 14:14:00,F9 B4 B1041-2,VAFB SLC-4E,Iridium NEXT-5 (10 satellites),9600.0,Polar LEO,Iridium Communications,Success,,No attempt,34.6321,-120.6108
52,2018-04-02 20:30:00,F9 B4 B1039-2,CCAFS SLC-40,SpaceX CRS-14 (Dragon C110.2),2647.0,LEO (ISS),NASA (CRS),Success,0.0,Other,28.5623,-80.5774
53,2018-04-18 22:51:00,F9 B4 B1045-1,CCAFS SLC-40,Transiting Exoplanet Survey Satellite (TESS),362.0,HEO for P/2 orbit,NASA (LSP),Success,1.0,Drone ship,28.5623,-80.5774
54,2018-05-11 20:14:00,F9 B5 B1046-1,KSC LC-39A,Bangabandhu-1,3600.0,GTO,Thales-Alenia / BTRC,Success,1.0,Drone ship,28.608,-80.6041
55,2018-05-22 19:47:00,F9 B4 B1043-2,VAFB SLC-4E,Iridium NEXT-6 (5 satellites) GRACE-FO × 2,6460.0,Polar LEO,Iridium Communications GFZ • NASA,Success,0.0,Other,34.6321,-120.6108
56,2018-06-04 04:45:00,F9 B4 B1040-2,CCAFS SLC-40,SES-12,5384.0,GTO,SES,Success,0.0,Other,28.5623,-80.5774
57,2018-06-29 09:42:00,F9 B4 B1045-2,CCAFS SLC-40,SpaceX CRS-15 (Dragon C111.2),2697.0,LEO (ISS),NASA (CRS),Success,0.0,Other,28.5623,-80.5774
58,2018-07-22 05:50:00,F9 B5 B1047-1,CCAFS SLC-40,Telstar 19V,7075.0,GTO,Telesat,Success,1.0,Drone ship,28.5623,-80.5774
59,2018-07-25 11:39:00,F9 B5 B1048-1,VAFB SLC-4E,Iridium NEXT-7 (10 satellites),9600.0,Polar LEO,Iridium Communications,Success,1.0,Drone ship,34.6321,-120.6108
60,2018-08-07 05:18:00,F9 B5 B1046-2,CCAFS SLC-40,Merah Putih (formerly Telkom-4),5800.0,GTO,Telkom Indonesia,Success,1.0,Drone ship,28.5623,-80.5774
61,2018-09-10 04:45:00,F9 B5 B1049-1,CCAFS SLC-40,Telstar 18V / Apstar-5C,7060.0,GTO,Telesat,Success,1.0,Drone ship,28.5623,-80.5774
62,2018-10-08 02:22:00,F9 B5 B1048-2,VAFB SLC-4E,SAOCOM 1A,3000.0,SSO,CONAE,Success,1.0,Ground pad,34.6321,-120.6108
63,2018-11-15 20:46:00,F9 B5 B1047-2,KSC LC-39A,Es'hail 2,5300.0,GTO,Es'hailSat,Success,1.0,Drone ship,28.608,-80.6041
64,2018-12-03 18:34:05,F9 B5 B1046-3,VAFB SLC-4E,SSO-A (SmallSat Express) (SHERPA),4000.0,SSO,Spaceflight Industries,Success,1.0,Drone ship,34.6321,-120.6108
65,2018-12-05 18:16:00,F9 B5 B1050,CCAFS SLC-40,SpaceX CRS-16 (Dragon C112.2),2500.0,LEO (ISS),NASA (CRS),Success,0.0,Ground pad,28.5623,-80.5774
66,2018-12-23 13:51:00,F9 B5 B1054,CCAFS SLC-40,GPS III-01 (Vespucci),4400.0,MEO,USAF,Success,0.0,Other,28.5623,-80.5774
67,2019-01-11 15:31:00,F9 B5 B1049-2,VAFB SLC-4E,Iridium NEXT-8 (10 satellites),9600.0,Polar LEO,Iridium Communications,Success,1.0,Drone ship,34.6321,-120.6108
68,2019-02-22 01:45:00,F9 B5 B1048-3,CCAFS SLC-40,Nusantara Satu (PSN-6) Beresheet Moon lander S5,4850.0,GTO,PSN SpaceIL / IAI Air Force Research,Success,1.0,Drone ship,28.5623,-80.5774
69,2019-03-02 07:49:00,F9 B5 B1051-1,KSC LC-39A,Crew Dragon Demo-1 (Dragon C204),12055.0,LEO (ISS),NASA (CCD),Success,1.0,Drone ship,28.608,-80.6041
70,2019-05-04 06:48:00,F9 B5 B1056-1,CCAFS SLC-40,SpaceX CRS-17 (Dragon C113.2),2495.0,LEO (ISS),NASA (CRS),Success,1.0,Drone ship,28.5623,-80.5774
71,2019-05-24 02:30:00,F9 B5 B1049-3,CCAFS SLC-40,Starlink: v0.9 launch (60 satellites),13620.0,LEO,SpaceX,Success,1.0,Drone ship,28.5623,-80.5774
72,2019-06-12 14:17:00,F9 B5 B1051-2,VAFB SLC-4E,RADARSAT Constellation (3 satellites),4200.0,SSO,Canadian Space Agency (CSA),Success,1.0,Ground pad,34.6321,-120.6108
73,2019-07-25 22:01:00,F9 B5 B1056-2,CCAFS SLC-40,SpaceX CRS-18 (Dragon C108.3),2268.0,LEO (ISS),NASA (CRS),Success,1.0,Ground pad,28.5623,-80.5774
74,2019-08-06 23:23:00,F9 B5 B1047-3,CCAFS SLC-40,AMOS-17,6500.0,GTO,Spacecom,Success,0.0,Other,28.5623,-80.5774
75,2019-11-11 14:56:00,F9 B5 B1048-4,CCAFS SLC-40,Starlink: Launch 1 (60 satellites),15600.0,LEO,SpaceX,Success,1.0,Drone ship,28.5623,-80.5774
76,2019-12-05 17:29:00,F9 B5 B1059-1,CCAFS SLC-40,SpaceX CRS-19 (Dragon C106.3),2617.0,LEO (ISS),NASA (CRS),Success,1.0,Drone ship,28.5623,-80.5774
77,2019-12-17 00:10:00,F9 B5 B1056-3,CCAFS SLC-40,JCSat-18 / Kacific 1,6956.0,GTO,Sky Perfect JSAT Kacific 1,Success,1.0,Drone ship,28.5623,-80.5774
78,2020-01-07 02:19:21,F9 B5 B1049-4,CCAFS SLC-40,Starlink: Launch 2 (60 satellites),15600.0,LEO,SpaceX,Success,1.0,Drone ship,28.5623,-80.5774
79,2020-01-19 15:30:00,F9 B5 B1046-4,KSC LC-39A,Crew Dragon in-flight abort test (Dragon C205.1),12050.0,Sub-orbital,NASA (CTS),Success,,No attempt,28.608,-80.6041
80,2020-01-29 14:07:00,F9 B5 B1051-3,CCAFS SLC-40,Starlink: Launch 3 (60 satellites),15600.0,LEO,SpaceX,Success,1.0,Drone ship,28.5623,-80.5774
81,2020-02-17 15:05:00,F9 B5 B1056-4,CCAFS SLC-40,Starlink: Launch 4 (60 satellites),15600.0,LEO,SpaceX,Success,0.0,Drone ship,28.5623,-80.5774
82,2020-03-07 04:50:00,F9 B5 B1059-2,CCAFS SLC-40,SpaceX CRS-20 (Dragon C112.3),1977.0,LEO (ISS),NASA (CRS),Success,1.0,Ground pad,28.5623,-80.5774
83,2020-03-18 12:16:00,F9 B5 B1048-5,KSC LC-39A,Starlink: Launch 5 (60 satellites),15600.0,LEO,SpaceX,Success,0.0,Drone ship,28.608,-80.6041
84,2020-04-22 19:30:00,F9 B5 B1051-4,KSC LC-39A,Starlink: Launch 6 (60 satellites),15600.0,LEO,SpaceX,Success,1.0,Drone ship,28.608,-80.6041
85,2020-05-30 19:22:00,F9 B5 B1058-1,KSC LC-39A,Crew Dragon Demo-2 (Crew Dragon C206.1 Endeavour),12530.0,LEO (ISS),NASA (CCDev),Success,1.0,Drone ship,28.608,-80.6041
86,2020-06-04 01:25:00,F9 B5 B1049-5,CCAFS SLC-40,Starlink: Launch 7 (60 satellites),15600.0,LEO,SpaceX,Success,1.0,Drone ship,28.5623,-80.5774
87,2020-06-13 09:21:00,F9 B5 B1059-3,CCAFS SLC-40,Starlink: Launch 8 (58 satellites),15410.0,LEO,SpaceX,Success,1.0,Drone ship,28.5623,-80.5774
88,2020-06-30 20:10:46,F9 B5 B1060-1,CCAFS SLC-40,GPS III-03 (Matthew Henson),4311.0,MEO,U.S. Space Force,Success,1.0,Drone ship,28.5623,-80.5774
89,2020-07-20 21:30:00,F9 B5 B1058-2,CCAFS SLC-40,ANASIS-II,6000.0,GTO,Republic of Korea Army,Success,1.0,Drone ship,28.5623,-80.5774
90,2020-08-07 05:12:00,F9 B5 B1051-5,KSC LC-39A,Starlink: Launch 9 (57 satellites),14932.0,LEO,SpaceX,Success,1.0,Drone ship,28.608,-80.6041
91,2020-08-18 14:31:00,F9 B5 B1049-6,CCAFS SLC-40,Starlink: Launch 10 (58 satellites),15440.0,LEO,SpaceX,Success,1.0,Drone ship,28.5623,-80.5774
92,2020-08-30 23:18:00,F9 B5 B1059-4,CCAFS SLC-40,SAOCOM 1B GNOMES 1 Tyvak-0172,3130.0,SSO,CONAE PlanetIQ Tyvak,Success,1.0,Ground pad,28.5623,-80.5774
93,2020-09-03 12:46:14,F9 B5 B1060-2,KSC LC-39A,Starlink: Launch 11 (60 satellites),15600.0,LEO,SpaceX,Success,1.0,Drone ship,28.608,-80.6041
94,2020-10-06 11:29:34,F9 B5 B1058-3,KSC LC-39A,Starlink: Launch 12 (60 satellites),15600.0,LEO,SpaceX,Success,1.0,Drone ship,28.608,-80.6041
95,2020-10-18 12:25:57,F9 B5 B1051-6,KSC LC-39A,Starlink: Launch 13 (60 satellites),15600.0,LEO,SpaceX,Success,1.0,Drone ship,28.608,-80.6041
96,2020-10-24 15:31:34,F9 B5 B1060-3,CCAFS SLC-40,Starlink: Launch 14 (60 satellites),15600.0,LEO,SpaceX,Success,1.0,Drone ship,28.5623,-80.5774
97,2020-11-05 23:24:23,F9 B5 B1062-1,CCAFS SLC-40,GPS III-04 (Sacagawea),4311.0,MEO,USSF,Success,1.0,Drone ship,28.5623,-80.5774
98,2020-11-16 00:27:00,F9 B5 B1061-1,KSC LC-39A,Crew-1 (Crew Dragon C207.1 Resilience),12500.0,LEO (ISS),NASA (CCP),Success,1.0,Drone ship,28.608,-80.6041
99,2020-11-21 17:17:08,F9 B5 B1063-1,VAFB SLC-4E,Sentinel-6 Michael Freilich (Jason-CS A),1192.0,LEO,NASA / NOAA / ESA / EUMETSAT,Success,1.0,Ground pad,34.6321,-120.6108
100,2020-11-25 02:13:00,F9 B5 B1049-7,CCAFS SLC-40,Starlink: Launch 15 (60 satellites),15600.0,LEO,SpaceX,Success,1.0,Drone ship,28.5623,-80.5774
101,2020-12-06 16:17:08,F9 B5 B1058-4,KSC LC-39A,SpaceX CRS-21 (Dragon C208.1),2972.0,LEO (ISS),NASA (CRS),Success,1.0,Drone ship,28.608,-80.6041
102,2020-12-13 17:30:00,F9 B5 B1051-7,CCAFS SLC-40,SXM-7,7000.0,GTO,SiriusXM,Success,1.0,Drone ship,28.5623,-80.5774
103,2020-12-19 14:00:00,F9 B5 B1059-5,KSC LC-39A,NROL-108,,LEO,NRO,Success,1.0,Ground pad,28.608,-80.6041
104,2021-01-08 02:15:00,F9 B5 B1060-4,CCAFS SLC-40,Türksat 5A,3500.0,GTO,Türksat,Success,1.0,Drone ship,28.5623,-80.5774
105,2021-01-20 13:02:22,F9 B5 B1051-8,KSC LC-39A,Starlink: Launch 16 (60 satellites),15600.0,LEO,SpaceX,Success,1.0,Drone ship,28.608,-80.6041
106,2021-01-24 15:00:00,F9 B5 B1058-5,CCAFS SLC-40,Transporter-1 (143 payload smallsat rideshare),5000.0,SSO,Various,Success,1.0,Drone ship,28.5623,-80.5774
107,2021-02-04 06:19:00,F9 B5 B1060-5,CCAFS SLC-40,Starlink: Launch 18 (60 satellites),15600.0,LEO,SpaceX,Success,1.0,Drone ship,28.5623,-80.5774
108,2021-02-16 03:59:37,F9 B5 B1059-6,CCAFS SLC-40,Starlink: Launch 19 (60 satellites),15600.0,LEO,SpaceX,Success,0.0,Drone ship,28.5623,-80.5774
109,2021-03-04 08:24:54,F9 B5 B1049-8,KSC LC-39A,Starlink: Launch 17 (60 satellites),15600.0,LEO,SpaceX,Success,1.0,Drone ship,28.608,-80.6041
110,2021-03-11 08:13:29,F9 B5 B1058-6,CCAFS SLC-40,Starlink: Launch 20 (60 satellites),15600.0,LEO,SpaceX,Success,1.0,Drone ship,28.5623,-80.5774
111,2021-03-14 10:01:26,F9 B5 B1051-9,KSC LC-39A,Starlink: Launch 21 (60 satellites),15600.0,LEO,SpaceX,Success,1.0,Drone ship,28.608,-80.6041
112,2021-03-24 08:28:24,F9 B5 B1060-6,CCAFS SLC-40,Starlink: Launch 22 (60 satellites),15600.0,LEO,SpaceX,Success,1.0,Drone ship,28.5623,-80.5774
113,2021-04-07 16:34:18,F9 B5 B1058-7,CCAFS SLC-40,Starlink: Launch 23 (60 satellites),15600.0,LEO,SpaceX,Success,1.0,Drone ship,28.5623,-80.5774
114,2021-04-23 09:49:02,F9 B5 B1061-2,KSC LC-39A,Crew-2 (Crew Dragon C206.2 Endeavour),13000.0,LEO (ISS),NASA (CTS),Success,1.0,Drone ship,28.608,-80.6041
115,2021-04-29 03:44:30,F9 B5 B1060-7,CCAFS SLC-40,Starlink: Launch 24 (60 satellites),15600.0,LEO,SpaceX,Success,1.0,Drone ship,28.5623,-80.5774
116,2021-05-04 19:01:07,F9 B5 B1049-9,KSC LC-39A,Starlink: Launch 25 (60 satellites),15600.0,LEO,SpaceX,Success,1.0,Drone ship,28.608,-80.6041
117,2021-05-09 06:42:45,F9 B5 B1051-10,CCAFS SLC-40,Starlink: Launch 27 (60 satellites),15600.0,LEO,SpaceX,Success,1.0,Drone ship,28.5623,-80.5774
118,2021-05-15 22:56:00,F9 B5 B1058-8,KSC LC-39A,Starlink: Launch 26 (52 satellites),15440.0,LEO,SpaceX,Success,1.0,Drone ship,28.608,-80.6041
119,2021-05-26 18:59:35,F9 B5 B1063-2,CCAFS SLC-40,Starlink: Launch 28 (60 satellites),15600.0,LEO,SpaceX,Success,1.0,Drone ship,28.5623,-80.5774
120,2021-06-03 17:29:17,F9 B5 B1067-1,KSC LC-39A,SpaceX CRS-22 (Dragon C209.1),3328.0,LEO (ISS),NASA (CRS),Success,1.0,Drone ship,28.608,-80.6041
121,2021-06-06 04:26:00,F9 B5 B1061-3,CCAFS SLC-40,SXM-8,7000.0,GTO,SiriusXM,Success,1.0,Drone ship,28.5623,-80.5774
122,2021-06-17 16:09:35,F9 B5 B1062-2,CCAFS SLC-40,USA-319 / GPS III-05 (Neil Armstrong),4331.0,MEO,USSF,Success,1.0,Drone ship,28.5623,-80.5774
123,2021-06-30 19:31:00,F9 B5 B1060-8,CCAFS SLC-40,Transporter-2 (88 payload smallsat rideshare),,SSO,Various,Success,1.0,Ground pad,28.5623,-80.5774
124,2021-08-29 07:14:49,F9 B5 B1061-4,KSC LC-39A,SpaceX CRS-23 (Dragon C208.2),2200.0,LEO (ISS),NASA (CRS),Success,1.0,Drone ship,28.608,-80.6041
125,2021-09-14 03:55:50,F9 B5 B1049-10,VAFB SLC-4E,Starlink: Group 2-1 (51 satellites),13260.0,LEO,SpaceX,Success,1.0,Drone ship,34.6321,-120.6108
126,2021-09-16 00:02:56,F9 B5 B1062-3,KSC LC-39A,Inspiration4 (Crew Dragon C207.2 Resilience),12519.0,LEO,Jared Isaacman [note 1],Success,1.0,Drone ship,28.608,-80.6041
127,2021-11-11 02:03:31,F9 B5 B1067-2,KSC LC-39A,Crew-3 (Crew Dragon C210.1 Endurance),13000.0,LEO (ISS),NASA (CTS),Success,1.0,Drone ship,28.608,-80.6041
128,2021-11-13 12:19:00,F9 B5 B1058-9,CCAFS SLC-40,Starlink: Group 4-1 (53 satellites),15635.0,LEO,SpaceX,Success,1.0,Drone ship,28.5623,-80.5774
129,2021-11-24 06:21:00,F9 B5 B1063-3,VAFB SLC-4E,Double Asteroid Redirection Test (DART),624.0,Heliocentric,NASA (LSP),Success,1.0,Drone ship,34.6321,-120.6108
130,2021-12-02 23:12:00,F9 B5 B1060-9,CCAFS SLC-40,Starlink: Group 4-3 (48 satellites),14500.0,LEO,SpaceX,Success,1.0,Drone ship,28.5623,-80.5774
131,2021-12-09 06:00:00,F9 B5 B1061-5,KSC LC-39A,Imaging X-ray Polarimetry Explorer (IXPE),325.0,LEO,NASA (LSP),Success,1.0,Drone ship,28.608,-80.6041
132,2021-12-18 12:41:00,F9 B5 B1051-11,VAFB SLC-4E,Starlink: Group 4-4 (52 satellites),15600.0,LEO,SpaceX,Success,1.0,Drone ship,34.6321,-120.6108
133,2021-12-19 03:58:00,F9 B5 B1067-3,CCAFS SLC-40,Türksat 5B,4500.0,GTO,Türksat,Success,1.0,Drone ship,28.5623,-80.5774
134,2021-12-21 10:06:00,F9 B5 B1069-1,KSC LC-39A,SpaceX CRS-24 (Dragon C209.2),2989.0,LEO (ISS),NASA (CRS),Success,1.0,Drone ship,28.608,-80.6041
135,2022-01-06 21:49:00,F9 B5 B1062-4,KSC LC-39A,Starlink: Group 4-5 (49 satellites),14500.0,LEO,SpaceX,Success,1.0,Drone ship,28.608,-80.6041
136,2022-01-13 15:25:38,F9 B5 B1058-10,CCAFS SLC-40,Transporter-3 (105 payload smallsat rideshare),,SSO,Various,Success,1.0,Ground pad,28.5623,-80.5774
137,2022-01-19 02:02:40,F9 B5 B1060-10,KSC LC-39A,Starlink: Group 4-6 (49 satellites),14500.0,LEO,SpaceX,Success,1.0,Drone ship,28.608,-80.6041
138,2022-01-31 23:11:00,F9 B5 B1052-3,CCAFS SLC-40,CSG-2,2205.0,SSO,ASI,Success,1.0,Ground pad,28.5623,-80.5774
139,2022-02-02 20:27:00,F9 B5 B1071-1,VAFB SLC-4E,NROL-87,,SSO,NRO,Success,1.0,Ground pad,34.6321,-120.6108
140,2022-02-03 18:13:00,F9 B5 B1061-6,KSC LC-39A,Starlink: Group 4-7 (49 satellites),14500.0,LEO,SpaceX,Success,1.0,Drone ship,28.608,-80.6041
141,2022-02-21 14:44:00,F9 B5 B1058-11,CCAFS SLC-40,Starlink: Group 4-8 (46 satellites),13600.0,LEO,SpaceX,Success,1.0,Drone ship,28.5623,-80.5774
142,2022-02-25 17:12:00,F9 B5 B1063-4,VAFB SLC-4E,Starlink: Group 4-11 (50 satellites),14750.0,LEO,SpaceX,Success,1.0,Drone ship,34.6321,-120.6108
143,2022-03-03 14:25:00,F9 B5 B1060-11,KSC LC-39A,Starlink: Group 4-9 (47 satellites),13900.0,LEO,SpaceX,Success,1.0,Drone ship,28.608,-80.6041
144,2022-03-09 13:45:00,F9 B5 B1052-4,CCAFS SLC-40,Starlink: Group 4-10 (48 satellites),14160.0,LEO,SpaceX,Success,1.0,Drone ship,28.5623,-80.5774
145,2022-03-19 04:42:00,F9 B5 B1051-12,CCAFS SLC-40,Starlink: Group 4-12 (53 satellites),16250.0,LEO,SpaceX,Success,1.0,Drone ship,28.5623,-80.5774
146,2022-04-01 16:24:00,F9 B5 B1061-7,CCAFS SLC-40,Transporter-4 (40 payload smallsat rideshare),,SSO,Various,Success,1.0,Drone ship,28.5623,-80.5774
147,2022-04-08 15:17:11,F9 B5 B1062-5,KSC LC-39A,Axiom-1 (Crew Dragon C206.3 Endeavour),13000.0,LEO (ISS),Axiom Space,Success,1.0,Drone ship,28.608,-80.6041
148,2022-04-17 13:13:12,F9 B5 B1071-2,VAFB SLC-4E,NROL-85 (Intruder 13A [NOSS-3 9A] and Intruder 13B [(NOSS-3 9B]),,LEO,NRO,Success,1.0,Ground pad,34.6321,-120.6108
149,2022-04-21 17:51:00,F9 B5 B1060-12,CCAFS SLC-40,Starlink: Group 4-14 (53 satellites),16250.0,LEO,SpaceX,Success,1.0,Drone ship,28.5623,-80.5774
150,2022-04-27 07:52:00,F9 B5 B1067-4,KSC LC-39A,Crew-4 (Crew Dragon C212.1 Freedom),13000.0,LEO (ISS),NASA (CTS),Success,1.0,Drone ship,28.608,-80.6041
151,2022-04-29 21:27:00,F9 B5 B1062-6,CCAFS SLC-40,Starlink: Group 4-16 (53 satellites),16250.0,LEO,SpaceX,Success,1.0,Drone ship,28.5623,-80.5774
152,2022-05-06 09:46:00,F9 B5 B1058-12,KSC LC-39A,Starlink: Group 4-17 (53 satellites),16250.0,LEO,SpaceX,Success,1.0,Drone ship,28.608,-80.6041
153,2022-05-13 22:07:00,F9 B5 B1063.5,VAFB SLC-4E,Starlink: Group 4-13 (53 satellites),16250.0,LEO,SpaceX,Success,1.0,Drone ship,34.6321,-120.6108
154,2022-05-14 20:40:00,F9 B5 B1073.1,CCAFS SLC-40,Starlink: Group 4-15 (53 satellites),16250.0,LEO,SpaceX,Success,1.0,Drone ship,28.5623,-80.5774
155,2022-05-18 10:59:00,F9 B5 B1052-5,KSC LC-39A,Starlink: Group 4-18 (53 satellites),16250.0,LEO,SpaceX,Success,1.0,Drone ship,28.608,-80.6041
156,2022-05-25 18:35:00,F9 B5 B1061-8,CCAFS SLC-40,Transporter-5 (59 payload smallsat rideshare),,SSO,Various,Success,1.0,Ground pad,28.5623,-80.5774
157,2022-06-08 21:03:00,F9 B5 B1062-7,CCAFS SLC-40,Nilesat-301,4100.0,GTO,Nilesat,Success,1.0,Drone ship,28.5623,-80.5774
158,2022-06-17 16:09:00,F9 B5 B1060-13,KSC LC-39A,Starlink: Group 4-19 (53 satellites),16250.0,LEO,SpaceX,Success,1.0,Drone ship,28.608,-80.6041
159,2022-06-18 14:19:00,F9 B5 B1071-3,VAFB SLC-4E,SARah 1,4000.0,SSO,German Intelligence Service,Success,1.0,Ground pad,34.6321,-120.6108
160,2022-06-19 04:27:00,F9 B5 B1061-9,CCAFS SLC-40,Globalstar-2 M087 (FM15) USA 328-331,700.0,LEO,Globalstar Unknown US government agency,Success,1.0,Drone ship,28.5623,-80.5774
161,2022-06-29 21:04:00,F9 B5 B1073-2,CCAFS SLC-40,SES-22,3500.0,GTO,SES,Success,1.0,Drone ship,28.5623,-80.5774
162,2022-07-07 13:11:00,F9 B5 B1058-13,CCAFS SLC-40,Starlink: Group 4-21 (53 satellites),16250.0,LEO,SpaceX,Success,1.0,Drone ship,28.5623,-80.5774
163,2022-07-11 01:39:00,F9 B5 B1063-6,VAFB SLC-4E,Starlink: Group 3-1 (46 satellites),14100.0,SSO,SpaceX,Success,1.0,Drone ship,34.6321,-120.6108
164,2022-07-15 00:44:22,F9 B5 B1067-5,KSC LC-39A,SpaceX CRS-25 (Dragon C208.3),2668.0,LEO (ISS),NASA (CRS),Success,1.0,Drone ship,28.608,-80.6041
165,2022-07-17 14:20:00,F9 B5 B1051-13,CCAFS SLC-40,Starlink: Group 4-22 (53 satellites),16250.0,LEO,SpaceX,Success,1.0,Drone ship,28.5623,-80.5774
166,2022-07-22 17:39:00,F9 B5 B1071-4,VAFB SLC-4E,Starlink: Group 3-2 (46 satellites),14100.0,SSO,SpaceX,Success,1.0,Drone ship,34.6321,-120.6108
167,2022-07-24 13:38:00,F9 B5 B1062-8,KSC LC-39A,Starlink: Group 4-25 (53 satellites),16250.0,LEO,SpaceX,Success,1.0,Drone ship,28.608,-80.6041
168,2022-08-04 23:08:00,F9 B5 B1052-6,CCAFS SLC-40,Danuri (Korea Pathfinder Lunar Orbiter),679.0,BLT,KARI,Success,1.0,Drone ship,28.5623,-80.5774
169,2022-08-10 02:14:00,F9 B5 B1073-3,KSC LC-39A,Starlink: Group 4-26 (52 satellites),16000.0,LEO,SpaceX,Success,1.0,Drone ship,28.608,-80.6041
170,2022-08-12 21:40:20,F9 B5 B1061-10,VAFB SLC-4E,Starlink: Group 3-3 (46 satellites),14100.0,SSO,SpaceX,Success,1.0,Drone ship,34.6321,-120.6108
171,2022-08-19 19:21:20,F9 B5 B1062-9,CCAFS SLC-40,Starlink: Group 4-27 (53 satellites),16250.0,LEO,SpaceX,Success,1.0,Drone ship,28.5623,-80.5774
172,2022-08-28 03:41:00,F9 B5 B1069-2,CCAFS SLC-40,Starlink: Group 4-23 (54 satellites),16700.0,LEO,SpaceX,Success,1.0,Drone ship,28.5623,-80.5774
173,2022-08-31 05:40:00,F9 B5 B1063-7,VAFB SLC-4E,Starlink: Group 3-4 (46 satellites),14200.0,SSO,SpaceX,Success,1.0,Drone ship,34.6321,-120.6108
174,2022-09-05 02:09:00,F9 B5 B1052-7,CCAFS SLC-40,Starlink: Group 4-20 (51 satellites)Sherpa-LTC2,16000.0,LEO,SpaceXSpaceflight Industries,Success,1.0,Drone ship,28.5623,-80.5774
175,2022-09-11 01:20:00,F9 B5 B1058-14,KSC LC-39A,Starlink: Group 4-2 (34 satellites) BlueWalker-3,11938.0,LEO,SpaceX AST SpaceMobile,Success,1.0,Drone ship,28.608,-80.6041
176,2022-09-19 00:18:00,F9 B5 B1067-6,CCAFS SLC-40,Starlink: Group 4-34 (54 satellites),16700.0,LEO,SpaceX,Success,1.0,Drone ship,28.5623,-80.5774
177,2022-09-24 23:32:00,F9 B5 B1073-4,CCAFS SLC-40,Starlink: Group 4-35 (52 satellites),16100.0,LEO,SpaceX,Success,1.0,Drone ship,28.5623,-80.5774
178,2022-10-05 16:00:00,F9 B5 B1077-1,KSC LC-39A,Crew-5 (Crew Dragon C210.2 Endurance),13000.0,LEO (ISS),NASA (CTS),Success,1.0,Drone ship,28.608,-80.6041
179,2022-10-05 23:10:00,F9 B5 B1071-5,VAFB SLC-4E,Starlink: Group 4-29 (52 satellites),16100.0,LEO,SpaceX,Success,1.0,Drone ship,34.6321,-120.6108
180,2022-10-08 23:05:00,F9 B5 B1060-14,CCAFS SLC-40,Galaxy 33 & 34,7350.0,GTO,Intelsat,Success,1.0,Drone ship,28.5623,-80.5774
181,2022-10-15 05:22:00,F9 B5 B1069-3,CCAFS SLC-40,Hotbird 13F,4500.0,GTO,Eutelsat,Success,1.0,Drone ship,28.5623,-80.5774
182,2022-10-20 14:50:00,F9 B5 B1062-10,CCAFS SLC-40,Starlink: Group 4-36 (54 satellites),16700.0,LEO,SpaceX,Success,1.0,Drone ship,28.5623,-80.5774
183,2022-10-28 01:14:10,F9 B5 B1063-8,VAFB SLC-4E,Starlink: Group 4-31 (53 satellites),16400.0,LEO,SpaceX,Success,1.0,Drone ship,34.6321,-120.6108
184,2022-11-03 05:22:00,F9 B5 B1067-7,CCAFS SLC-40,Hotbird 13G,4500.0,GTO,Eutelsat,Success,1.0,Drone ship,28.5623,-80.5774
185,2022-11-12 16:06:00,F9 B5 B1051-14,CCAFS SLC-40,Galaxy 31 and Galaxy 32 (2 satellites),6600.0,GTO,Intelsat,Success,,No attempt,28.5623,-80.5774
186,2022-11-23 02:57:00,F9 B5 B1049-11,CCAFS SLC-40,Eutelsat 10B,5500.0,GTO,Eutelsat,Success,,No attempt,28.5623,-80.5774
187,2022-11-26 19:20:00,F9 B5  B1076-1,KSC LC-39A,SpaceX CRS-26 (Dragon C211.1),3528.0,LEO (ISS),NASA (CRS),Success,1.0,Drone ship,28.608,-80.6041
188,2022-12-08 22:27:00,F9 B5 B1069-4,KSC LC-39A,OneWeb Flight #15 / SpaceX Flight 1 (40 satellites),6000.0,Polar LEO,OneWeb,Success,1.0,Ground pad,28.608,-80.6041
189,2022-12-11 07:38:00,F9 B5  B1073-5,CCAFS SLC-40,Hakuto-R Mission 1 Emirates Lunar Mission Lunar Flashlight,1000.0,Ballistic lunar transfer (BLT),ispace MBRSC JAXA  NASA,Success,1.0,Ground pad,28.5623,-80.5774
190,2022-12-16 11:46:00,F9 B5 B1071-6,VAFB SLC-4E,Surface Water and Ocean Topography (SWOT),2200.0,LEO,NASA/CNES,Success,1.0,Ground pad,34.6321,-120.6108
191,2022-12-16 22:48:00,F9 B5 B1067-8,CCAFS SLC-40,O3b mPOWER 1 & 2,4100.0,MEO,SES,Success,1.0,Drone ship,28.5623,-80.5774
192,2022-12-17 21:32:00,F9 B5 B1058-15,KSC LC-39A,Starlink: Group 4-37 (54 satellites),16700.0,LEO,SpaceX,Success,1.0,Drone ship,28.608,-80.6041
193,2022-12-28 09:34:00,F9 B5 B1062-11,CCAFS SLC-40,Starlink: Group 5-1 (54 satellites),16700.0,LEO,SpaceX,Success,1.0,Drone ship,28.5623,-80.5774
194,2022-12-30 07:38:00,F9 B5 B1061-11,VAFB SLC-4E,EROS-C3,400.0,Retrograde LEO,ImageSat International,Success,1.0,Ground pad,34.6321,-120.6108
195,2023-01-03 14:56:00,F9 B5 B1060-15,CCAFS SLC-40,Transporter-6 (115 payload smallsat rideshare),,SSO,Various,Success,1.0,Ground pad,28.5623,-80.5774
196,2023-01-10 04:50:00,F9 B5 B1076-2,CCAFS SLC-40,OneWeb 16 (40 satellites),6000.0,Polar LEO,OneWeb,Success,1.0,Ground pad,28.5623,-80.5774
197,2023-01-18 12:24:00,F9 B5 B1077-2,CCAFS SLC-40,USA-343 (GPS-III SV06),4352.0,MEO,USSF,Success,1.0,Drone ship,28.5623,-80.5774
198,2023-01-19 15:43:00,F9 B5 B1075-1,VAFB SLC-4E,Starlink: Group 2-4 (51 satellites),15000.0,LEO,SpaceX,Success,1.0,Drone ship,34.6321,-120.6108
199,2023-01-26 09:32:00,F9 B5 B1067-9,CCAFS SLC-40,Starlink: Group 5-2 (56 satellites),17400.0,LEO,SpaceX,Success,1.0,Drone ship,28.5623,-80.5774
200,2023-01-31 16:15:00,F9 B5 B1071-7,VAFB SLC-4E,Starlink: Group 2-6 (49 satellites),15200.0,LEO,SpaceX,Success,1.0,Drone ship,34.6321,-120.6108
201,2023-02-02 07:58:00,F9 B5 B1069-5,KSC LC-39A,Starlink: Group 5-3 (53 satellites),16500.0,LEO,SpaceX,Success,1.0,Drone ship,28.608,-80.6041
202,2023-02-07 01:32:00,F9 B5 B1073-6,CCAFS SLC-40,Amazonas Nexus,4146.0,GTO,Hispasat,Success,1.0,Drone ship,28.5623,-80.5774
203,2023-02-12 05:10:00,F9 B5 B1062-12,CCAFS SLC-40,Starlink: Group 5-4 (55 satellites),17100.0,LEO,SpaceX,Success,1.0,Drone ship,28.5623,-80.5774
204,2023-02-17 19:12:00,F9 B5 B1063-9,VAFB SLC-4E,Starlink: Group 2-5 (51 satellites),15900.0,LEO,SpaceX,Success,1.0,Drone ship,34.6321,-120.6108
205,2023-02-18 03:59:00,F9 B5 B1077-3,CCAFS SLC-40,Inmarsat-6 F2,5470.0,GTO,Inmarsat,Success,1.0,Drone ship,28.5623,-80.5774
206,2023-02-27 23:13:00,F9 B5 B1076-3,CCAFS SLC-40,Starlink: Group 6-1 (21 satellites),15300.0,LEO,SpaceX,Success,1.0,Drone ship,28.5623,-80.5774
207,2023-03-02 05:34:00,F9 B5 B1078-1,KSC LC-39A,Crew-6 (Crew Dragon C206.4 Endeavour),13000.0,LEO (ISS),NASA (CTS),Success,1.0,Drone ship,28.608,-80.6041
208,2023-03-03 18:38:00,F9 B5 B1061-12,VAFB SLC-4E,Starlink: Group 2-7 (51 satellites),15900.0,LEO,SpaceX,Success,1.0,Drone ship,34.6321,-120.6108
209,2023-03-09 19:13:00,F9 B5 B1062-13,CCAFS SLC-40,OneWeb 17 (40 satellites),6000.0,LEO,OneWeb,Success,1.0,Ground pad,28.5623,-80.5774
210,2023-03-15 00:30:00,F9 B5 B1073-7,KSC LC-39A,SpaceX CRS-27 (Dragon C209.3),2852.0,LEO (ISS),NASA (CRS),Success,1.0,Drone ship,28.608,-80.6041
211,2023-03-17 19:26:00,F9 B5 B1071-8,VAFB SLC-4E,Starlink: Group 2-8 (52 satellites),16200.0,LEO,SpaceX,Success,1.0,Drone ship,34.6321,-120.6108
212,2023-03-17 23:38:00,F9 B5 B1069-6,CCAFS SLC-40,SES-18 & SES-19,7000.0,GTO,SES,Success,1.0,Drone ship,28.5623,-80.5774
213,2023-03-24 15:43:00,F9 B5 B1067-10,CCAFS SLC-40,Starlink: Group 5-5 (56 satellites),17400.0,LEO,SpaceX,Success,1.0,Drone ship,28.5623,-80.5774
214,2023-03-29 20:01:00,F9 B5 B1077-4,CCAFS SLC-40,Starlink: Group 5-10 (56 satellites),17400.0,LEO,SpaceX,Success,1.0,Drone ship,28.5623,-80.5774
215,2023-04-02 14:29:00,F9 B5 B1075-2,VAFB SLC-4E,SDA Tranche 0A (10 satellites),,LEO,SDA,Success,1.0,Ground pad,34.6321,-120.6108
216,2023-04-07 04:30:00,F9 B5 B1076-4,CCAFS SLC-40,Intelsat 40e,5588.0,GTO,Intelsat,Success,1.0,Drone ship,28.5623,-80.5774
217,2023-04-15 06:47:00,F9 B5 B1063-10,VAFB SLC-4E,Transporter-7 (51 payload smallsat rideshare),,SSO,Various,Success,1.0,Ground pad,34.6321,-120.6108
218,2023-04-19 14:31:00,F9 B5 B1073-8,CCAFS SLC-40,Starlink: Group 6-2 (21 satellites),15300.0,LEO,SpaceX,Success,1.0,Drone ship,28.5623,-80.5774
219,2023-04-27 13:40:00,F9 B5 B1061-13,VAFB SLC-4E,Starlink: Group 3-5 (46 satellites),14100.0,SSO,SpaceX,Success,1.0,Drone ship,34.6321,-120.6108
220,2023-04-28 22:12:00,F9 B5 B1078-2,CCAFS SLC-40,O3b mPOWER 3 & 4,4100.0,MEO,SES,Success,1.0,Drone ship,28.5623,-80.5774
221,2023-05-04 07:31:00,F9 B5 B1069-7,CCAFS SLC-40,Starlink: Group 5-6 (56 satellites),17400.0,LEO,SpaceX,Success,1.0,Drone ship,28.5623,-80.5774
222,2023-05-10 20:09:00,F9 B5 B1075-3,VAFB SLC-4E,Starlink: Group 2-9 (51 satellites),15900.0,LEO,SpaceX,Success,1.0,Drone ship,34.6321,-120.6108
223,2023-05-14 05:03:00,F9 B5 B1067-11,CCAFS SLC-40,Starlink: Group 5-9 (56 satellites),17400.0,LEO,SpaceX,Success,1.0,Drone ship,28.5623,-80.5774
224,2023-05-19 06:19:00,F9 B5 B1076-5,CCAFS SLC-40,Starlink: Group 6-3 (22 satellites),16100.0,LEO,SpaceX,Success,1.0,Drone ship,28.5623,-80.5774
225,2023-05-20 13:16:00,F9 B5 B1063-11,VAFB SLC-4E,Iridium-NEXT (5 satellites) OneWeb (15 Gen1 plus a Gen2 test satellite),6600.0,Polar LEO,Iridium & OneWeb,Success,1.0,Drone ship,34.6321,-120.6108
226,2023-05-21 21:37:00,F9 B5 B1080-1,KSC LC-39A,Ax-2 (Crew Dragon C212.2 Freedom),13000.0,LEO (ISS),Axiom Space,Success,1.0,Ground pad,28.608,-80.6041
227,2023-05-27 04:30:00,F9 B5 B1062-14,CCAFS SLC-40,ArabSat 7B (Badr-8),4500.0,GTO,Arabsat,Success,1.0,Drone ship,28.5623,-80.5774
228,2023-05-31 06:02:00,F9 B5 B1061-14,VAFB SLC-4E,Starlink: Group 2-10 (52 satellites),16400.0,LEO,SpaceX,Success,1.0,Drone ship,34.6321,-120.6108
229,2023-06-04 12:20:00,F9 B5 B1078-3,CCAFS SLC-40,Starlink: Group 6-4 (22 satellites),16100.0,LEO,SpaceX,Success,1.0,Drone ship,28.5623,-80.5774
230,2023-06-05 15:47:00,F9 B5 B1077-5,KSC LC-39A,SpaceX CRS-28 (Dragon C208.4),3304.0,LEO (ISS),NASA (CRS),Success,1.0,Drone ship,28.608,-80.6041
231,2023-06-12 07:10:00,F9 B5 B1073-9,CCAFS SLC-40,Starlink: Group 5-11 (52 satellites),16400.0,LEO,SpaceX,Success,1.0,Drone ship,28.5623,-80.5774
232,2023-06-12 21:35:00,F9 B5 B1071-9,VAFB SLC-4E,Transporter-8 (72 payload smallsat rideshare),,SSO,Various,Success,1.0,Ground pad,34.6321,-120.6108
233,2023-06-18 22:21:00,F9 B5 B1067-12,CCAFS SLC-40,SATRIA,4580.0,GTO,PT Pasifik Satelit Nusantara,Success,1.0,Drone ship,28.5623,-80.5774
234,2023-06-22 07:19:00,F9 B5 B1075-4,VAFB SLC-4E,Starlink: Group 5-7 (47 satellites),14500.0,LEO,SpaceX,Success,1.0,Drone ship,34.6321,-120.6108
235,2023-06-23 15:35:00,F9 B5 B1069-8,CCAFS SLC-40,Starlink: Group 5-12 (56 satellites),17400.0,LEO,SpaceX,Success,1.0,Drone ship,28.5623,-80.5774
236,2023-07-01 15:12:00,F9 B5 B1080-2,CCAFS SLC-40,Euclid,2160.0,Sun–Earth L2 injection,ESA,Success,1.0,Drone ship,28.5623,-80.5774
237,2023-07-07 19:29:00,F9 B5 B1063-12,VAFB SLC-4E,Starlink: Group 5-13 (48 satellites),14900.0,LEO,SpaceX,Success,1.0,Drone ship,34.6321,-120.6108
238,2023-07-10 03:58:00,F9 B5 B1058-16,CCAFS SLC-40,Starlink: Group 6-5 (22 satellites),16100.0,LEO,SpaceX,Success,1.0,Drone ship,28.5623,-80.5774
239,2023-07-16 03:50:00,F9 B5 B1060-16,CCAFS SLC-40,Starlink: Group 5-15 (54 satellites),16700.0,LEO,SpaceX,Success,1.0,Drone ship,28.5623,-80.5774
240,2023-07-20 04:09:00,F9 B5 B1071-10,VAFB SLC-4E,Starlink: Group 6-15 (15 satellites),12000.0,LEO,SpaceX,Success,1.0,Drone ship,34.6321,-120.6108
241,2023-07-24 00:50:00,F9 B5 B1076-6,CCAFS SLC-40,Starlink: Group 6-6 (22 satellites),16100.0,LEO,SpaceX,Success,1.0,Drone ship,28.5623,-80.5774
242,2023-07-28 04:01:00,F9 B5 B1062-15,CCAFS SLC-40,Starlink: Group 6-7 (22 satellites),16100.0,LEO,SpaceX,Success,1.0,Drone ship,28.5623,-80.5774
243,2023-08-03 05:00:00,F9 B5 B1077-6,CCAFS SLC-40,Galaxy 37,5063.0,GTO,Intelsat,Success,1.0,Drone ship,28.5623,-80.5774
244,2023-08-07 02:41:00,F9 B5 B1078-4,CCAFS SLC-40,Starlink: Group 6-8 (22 satellites),16100.0,LEO,SpaceX,Success,1.0,Drone ship,28.5623,-80.5774
245,2023-08-08 03:57:00,F9 B5 B1075-5,VAFB SLC-4E,Starlink: Group 6-20 (15 satellites),12000.0,LEO,SpaceX,Success,1.0,Drone ship,34.6321,-120.6108
246,2023-08-11 05:17:00,F9 B5 B1069-9,CCAFS SLC-40,Starlink: Group 6-9 (22 satellites),16100.0,LEO,SpaceX,Success,1.0,Drone ship,28.5623,-80.5774
247,2023-08-17 03:36:00,F9 B5 B1067-13,CCAFS SLC-40,Starlink: Group 6-10 (22 satellites),16100.0,LEO,SpaceX,Success,1.0,Drone ship,28.5623,-80.5774
248,2023-08-22 09:37:00,F9 B5 B1061-15,VAFB SLC-4E,Starlink: Group 7-1 (21 satellites),15300.0,LEO,SpaceX,Success,1.0,Drone ship,34.6321,-120.6108
249,2023-08-26 07:27:00,F9 B5 B1081-1,KSC LC-39A,Crew-7 (Crew Dragon C210.3 Endurance),13000.0,LEO (ISS),NASA (CTS),Success,1.0,Ground pad,28.608,-80.6041
250,2023-08-27 01:05:00,F9 B5 B1080-3,CCAFS SLC-40,Starlink: Group 6-11 (22 satellites),16100.0,LEO,SpaceX,Success,1.0,Drone ship,28.5623,-80.5774
251,2023-09-01 02:21:00,F9 B5 B1077-7,CCAFS SLC-40,Starlink: Group 6-13 (22 satellites),16100.0,LEO,SpaceX,Success,1.0,Drone ship,28.5623,-80.5774
252,2023-09-02 14:25:00,F9 B5 B1063-13,VAFB SLC-4E,SDA Tranche 0B (13 satellites),,LEO,SDA,Success,1.0,Ground pad,34.6321,-120.6108
253,2023-09-04 02:47:00,F9 B5 B1073-10,KSC LC-39A,Starlink: Group 6-12 (22 satellites),15300.0,LEO,SpaceX,Success,1.0,Drone ship,28.608,-80.6041
254,2023-09-09 03:12:00,F9 B5 B1076-7,CCAFS SLC-40,Starlink: Group 6-14 (22 satellites),16100.0,LEO,SpaceX,Success,1.0,Drone ship,28.5623,-80.5774
255,2023-09-12 06:57:00,F9 B5 B1071-11,VAFB SLC-4E,Starlink: Group 7-2 (21 satellites),15300.0,LEO,SpaceX,Success,1.0,Drone ship,34.6321,-120.6108
256,2023-09-16 03:38:00,F9 B5 B1078-5,CCAFS SLC-40,Starlink: Group 6-16 (22 satellites),16100.0,LEO,SpaceX,Success,1.0,Drone ship,28.5623,-80.5774
257,2023-09-20 03:38:00,F9 B5 B1058-17,CCAFS SLC-40,Starlink: Group 6-17 (22 satellites),16100.0,LEO,SpaceX,Success,1.0,Drone ship,28.5623,-80.5774
258,2023-09-24 03:38:00,F9 B5 B1060-17,CCAFS SLC-40,Starlink: Group 6-18 (22 satellites),16100.0,LEO,SpaceX,Success,1.0,Drone ship,28.5623,-80.5774
259,2023-09-25 08:48:00,F9 B5 B1075-6,VAFB SLC-4E,Starlink: Group 7-3 (21 satellites),15300.0,LEO,SpaceX,Success,1.0,Drone ship,34.6321,-120.6108
260,2023-09-30 02:00:00,F9 B5 B1069-10,CCAFS SLC-40,Starlink: Group 6-19 (22 satellites),16100.0,LEO,SpaceX,Success,1.0,Drone ship,28.5623,-80.5774
261,2023-10-05 05:36:00,F9 B5 B1076-8,CCAFS SLC-40,Starlink: Group 6-21 (22 satellites),16100.0,LEO,SpaceX,Success,1.0,Drone ship,28.5623,-80.5774
262,2023-10-09 07:23:00,F9 B5 B1063-14,VAFB SLC-4E,Starlink: Group 7-4 (21 satellites),15300.0,LEO,SpaceX,Success,1.0,Drone ship,34.6321,-120.6108
263,2023-10-13 23:01:00,F9 B5 B1067-14,CCAFS SLC-40,Starlink: Group 6-22 (22 satellites),16100.0,LEO,SpaceX,Success,1.0,Drone ship,28.5623,-80.5774
264,2023-10-18 00:39:00,F9 B5 B1062-16,CCAFS SLC-40,Starlink: Group 6-23 (22 satellites),16100.0,LEO,SpaceX,Success,1.0,Drone ship,28.5623,-80.5774
265,2023-10-21 08:23:00,F9 B5 B1061-16,VAFB SLC-4E,Starlink: Group 7-5 (21 satellites),15300.0,LEO,SpaceX,Success,1.0,Drone ship,34.6321,-120.6108
266,2023-10-22 02:17:00,F9 B5 B1080-4,CCAFS SLC-40,Starlink: Group 6-24 (23 satellites),16800.0,LEO,SpaceX,Success,1.0,Drone ship,28.5623,-80.5774
267,2023-10-29 09:00:00,F9 B5 B1075-7,VAFB SLC-4E,Starlink: Group 7-6 (22 satellites),16100.0,LEO,SpaceX,Success,1.0,Drone ship,34.6321,-120.6108
268,2023-10-30 23:20:00,F9 B5 B1077-8,CCAFS SLC-40,Starlink: Group 6-25 (23 satellites),16800.0,LEO,SpaceX,Success,1.0,Drone ship,28.5623,-80.5774
269,2023-11-04 00:37:00,F9 B5 B1058-18,CCAFS SLC-40,Starlink: Group 6-26 (23 satellites),16800.0,LEO,SpaceX,Success,1.0,Drone ship,28.5623,-80.5774
270,2023-11-08 05:05:00,F9 B5 B1073-11,CCAFS SLC-40,Starlink: Group 6-27 (23 satellites),16800.0,LEO,SpaceX,Success,1.0,Drone ship,28.5623,-80.5774
271,2023-11-10 01:28:00,F9 B5 B1081-2,KSC LC-39A,SpaceX CRS-29 (Dragon C211.2),9525.0,LEO (ISS),NASA (CRS),Success,1.0,Ground pad,28.608,-80.6041
272,2023-11-11 18:49:00,F9 B5 B1071-12,VAFB SLC-4E,Transporter-9 (113 payload smallsat rideshare),,SSO,Various,Success,1.0,Ground pad,34.6321,-120.6108
273,2023-11-12 21:08:00,F9 B5 B1076-9,CCAFS SLC-40,O3b mPOWER 5 & 6,4100.0,MEO,SES,Success,1.0,Drone ship,28.5623,-80.5774
274,2023-11-18 05:05:00,F9 B5 B1069-11,CCAFS SLC-40,Starlink: Group 6-28 (23 satellites),16800.0,LEO,SpaceX,Success,1.0,Drone ship,28.5623,-80.5774
275,2023-11-20 10:30:00,F9 B5 B1063-15,VAFB SLC-4E,Starlink: Group 7-7 (22 satellites),16100.0,LEO,SpaceX,Success,1.0,Drone ship,34.6321,-120.6108
276,2023-11-22 07:47:00,F9 B5 B1067-15,CCAFS SLC-40,Starlink: Group 6-29 (23 satellites),16800.0,LEO,SpaceX,Success,1.0,Drone ship,28.5623,-80.5774
277,2023-11-28 04:20:00,F9 B5 B1062-17,CCAFS SLC-40,Starlink: Group 6-30 (23 satellites),16800.0,LEO,SpaceX,Success,1.0,Drone ship,28.5623,-80.5774
278,2023-12-01 18:19:00,F9 B5 B1061-17,VAFB SLC-4E,425 Project Flight 1 EIRSAT-1 and others 23 secondary payloads,800.0,SSO,Republic of Korea Armed Forces Various,Success,1.0,Ground pad,34.6321,-120.6108
279,2023-12-03 04:00:00,F9 B5 B1078-6,CCAFS SLC-40,Starlink: Group 6-31 (23 satellites),16800.0,LEO,SpaceX,Success,1.0,Drone ship,28.5623,-80.5774
280,2023-12-07 05:07:00,F9 B5 B1077-9,CCAFS SLC-40,Starlink: Group 6-33 (23 satellites),16800.0,LEO,SpaceX,Success,1.0,Drone ship,28.5623,-80.5774
281,2023-12-08 08:03:00,F9 B5 B1071-13,VAFB SLC-4E,Starlink: Group 7-8 (22 satellites),16100.0,LEO,SpaceX,Success,1.0,Drone ship,34.6321,-120.6108
282,2023-12-19 04:01:00,F9 B5 B1081-3,CCAFS SLC-40,Starlink: Group 6-34 (23 satellites),16800.0,LEO,SpaceX,Success,1.0,Drone ship,28.5623,-80.5774
283,2023-12-23 05:33:00,F9 B5 B1058-19,CCAFS SLC-40,Starlink: Group 6-32 (23 satellites),16800.0,LEO,SpaceX,Success,0.0,Drone ship,28.5623,-80.5774
284,2023-12-24 13:11:00,F9 B5 B1075-8,VAFB SLC-4E,SARah 2 & 3,3600.0,SSO,German Intelligence Service,Success,1.0,Ground pad,34.6321,-120.6108
285,2023-12-29 04:01:00,F9 B5 B1069-12,CCAFS SLC-40,Starlink: Group 6-36 (23 satellites),16800.0,LEO,SpaceX,Success,1.0,Drone ship,28.5623,-80.5774
286,2024-01-03 03:44:00,F9 B5 B1082-1,VAFB SLC-4E,Starlink: Group 7-9 (22 satellites),16800.0,LEO,SpaceX,Success,1.0,Drone ship,34.6321,-120.6108
287,2024-01-03 23:04:00,F9 B5 B1076-10,CCAFS SLC-40,Ovzon-3,1800.0,GTO,Ovzon,Success,1.0,Ground pad,28.5623,-80.5774
288,2024-01-07 22:35:00,F9 B5 B1067-16,CCAFS SLC-40,Starlink: Group 6-35 (23 satellites),17100.0,LEO,SpaceX,Success,1.0,Drone ship,28.5623,-80.5774
289,2024-01-14 08:59:00,F9 B5 B1061-18,VAFB SLC-4E,Starlink: Group 7-10 (22 satellites),16700.0,LEO,SpaceX,Success,1.0,Drone ship,34.6321,-120.6108
290,2024-01-15 01:52:00,F9 B5 B1073-12,CCAFS SLC-40,Starlink: Group 6-37 (23 satellites),17100.0,LEO,SpaceX,Success,1.0,Drone ship,28.5623,-80.5774
291,2024-01-18 21:49:00,F9 B5 B1080-5,KSC LC-39A,Ax-3 (Crew Dragon C212-3 Freedom),13000.0,LEO (ISS),Axiom Space,Success,1.0,Ground pad,28.608,-80.6041
292,2024-01-24 00:35:00,F9 B5 B1063-16,VAFB SLC-4E,Starlink: Group 7-11 (22 satellites),16700.0,LEO,SpaceX,Success,1.0,Drone ship,34.6321,-120.6108
293,2024-01-29 01:10:00,F9 B5 B1062-18,KSC LC-39A,Starlink: Group 6-38 (23 satellites),17100.0,LEO,SpaceX,Success,1.0,Drone ship,28.608,-80.6041
294,2024-01-29 05:57:00,F9 B5 B1075-9,VAFB SLC-4E,Starlink: Group 7-12 (22 satellites),16700.0,LEO,SpaceX,Success,1.0,Drone ship,34.6321,-120.6108
295,2024-01-30 17:07:00,F9 B5 B1077-10,CCAFS SLC-40,"CRS NG-20 (S.S. Patricia ""Patty"" Hilliard Robertson)",3726.0,LEO (ISS),Northrop Grumman (CRS),Success,1.0,Ground pad,28.5623,-80.5774
296,2024-02-08 06:33:00,F9 B5 B1081-4,CCAFS SLC-40,PACE,1694.0,SSO,NASA (LSP),Success,1.0,Ground pad,28.5623,-80.5774
297,2024-02-10 00:34:00,F9 B5 B1071-14,VAFB SLC-4E,Starlink: Group 7-13 (22 satellites),16700.0,LEO,SpaceX,Success,1.0,Drone ship,34.6321,-120.6108
298,2024-02-14 22:30:00,F9 B5 B1078-7,CCAFS SLC-40,USSF-124 (6 satellites),,LEO,USSF / SDA,Success,1.0,Ground pad,28.5623,-80.5774
299,2024-02-15 06:05:00,F9 B5 B1060-18,KSC LC-39A,IM-1 Nova-C Odysseus lander,1931.0,TLI,NASA (CLPS) / Intuitive Machines,Success,1.0,Ground pad,28.608,-80.6041
300,2024-02-15 21:34:00,F9 B5 B1082-2,VAFB SLC-4E,Starlink: Group 7-14 (22 satellites),16700.0,LEO,SpaceX,Success,1.0,Drone ship,34.6321,-120.6108
301,2024-02-20 20:11:00,F9 B5 B1067-17,CCAFS SLC-40,Telkomsat HTS 113BT,4000.0,GTO,Telkom Indonesia,Success,1.0,Drone ship,28.5623,-80.5774
302,2024-02-23 04:11:00,F9 B5 B1061-19,VAFB SLC-4E,Starlink: Group 7-15 (22 satellites),16700.0,LEO,SpaceX,Success,1.0,Drone ship,34.6321,-120.6108
303,2024-02-25 22:06:00,F9 B5 B1069-13,CCAFS SLC-40,Starlink: Group 6-39 (24 satellites),17500.0,LEO,SpaceX,Success,1.0,Drone ship,28.5623,-80.5774
304,2024-02-29 15:30:00,F9 B5 B1076-11,CCAFS SLC-40,Starlink: Group 6-40 (23 satellites),17100.0,LEO,SpaceX,Success,1.0,Drone ship,28.5623,-80.5774
305,2024-03-04 03:53:00,F9 B5 B1083-1,KSC LC-39A,Crew-8 (Crew Dragon C206-5 Endeavour),13000.0,LEO (ISS),NASA (CTS),Success,1.0,Ground pad,28.608,-80.6041
306,2024-03-04 22:05:00,F9 B5 B1081-5,VAFB SLC-4E,Transporter-10 (53 payload smallsat rideshare),,SSO,Various,Success,1.0,Ground pad,34.6321,-120.6108
307,2024-03-04 23:56:00,F9 B5 B1073-13,CCAFS SLC-40,Starlink: Group 6-41 (23 satellites),17100.0,LEO,SpaceX,Success,1.0,Drone ship,28.5623,-80.5774
308,2024-03-10 23:05:00,F9 B5 B1077-11,CCAFS SLC-40,Starlink: Group 6-43 (23 satellites),17100.0,LEO,SpaceX,Success,1.0,Drone ship,28.5623,-80.5774
309,2024-03-11 04:09:00,F9 B5 B1063-17,VAFB SLC-4E,Starlink: Group 7-17 (23 satellites),17100.0,LEO,SpaceX,Success,1.0,Drone ship,34.6321,-120.6108
310,2024-03-16 00:21:00,F9 B5 B1062-19,KSC LC-39A,Starlink: Group 6-44 (23 satellites),17100.0,LEO,SpaceX,Success,1.0,Drone ship,28.608,-80.6041
311,2024-03-19 02:28:00,F9 B5 B1075-10,VAFB SLC-4E,Starlink: Group 7-16 (20 satellites) + 2 Starshield satellites,16300.0,LEO,SpaceX,Success,1.0,Drone ship,34.6321,-120.6108
312,2024-03-21 20:55:00,F9 B5 B1080-6,CCAFS SLC-40,SpaceX CRS-30 (Dragon C209-4),2721.0,LEO (ISS),NASA (CRS),Success,1.0,Ground pad,28.5623,-80.5774
313,2024-03-24 03:09:00,F9 B5 B1060-19,KSC LC-39A,Starlink: Group 6-42 (23 satellites),17100.0,LEO,SpaceX,Success,1.0,Drone ship,28.608,-80.6041
314,2024-03-25 23:42:00,F9 B5 B1078-8,CCAFS SLC-40,Starlink: Group 6-46 (23 satellites),17100.0,LEO,SpaceX,Success,1.0,Drone ship,28.5623,-80.5774
315,2024-03-30 21:52:00,F9 B5 B1076-12,KSC LC-39A,Eutelsat 36D,5000.0,GTO,Eutelsat,Success,1.0,Drone ship,28.608,-80.6041
316,2024-03-31 01:30:00,F9 B5 B1067-18,CCAFS SLC-40,Starlink: Group 6-45 (23 satellites),17100.0,LEO,SpaceX,Success,1.0,Drone ship,28.5623,-80.5774
317,2024-04-02 02:30:00,F9 B5 B1071-15,VAFB SLC-4E,Starlink: Group 7-18 (22 satellites),16700.0,LEO,SpaceX,Success,1.0,Drone ship,34.6321,-120.6108
318,2024-04-05 09:12:00,F9 B5 B1069-14,CCAFS SLC-40,Starlink: Group 6-47 (23 satellites),17100.0,LEO,SpaceX,Success,1.0,Drone ship,28.5623,-80.5774
319,2024-04-07 02:25:00,F9 B5 B1081-6,VAFB SLC-4E,Starlink: Group 8-1 (21 satellites),16800.0,LEO,SpaceX,Success,1.0,Drone ship,34.6321,-120.6108
320,2024-04-07 23:16:00,F9 B5 B1073-14,KSC LC-39A,Bandwagon-1 (11 payload smallsat rideshare) 425 Project Flight 2,,LEO,Various Republic of Korea Armed Forces,Success,1.0,Ground pad,28.608,-80.6041
321,2024-04-10 05:40:00,F9 B5 B1083-2,CCAFS SLC-40,Starlink: Group 6-48 (23 satellites),17100.0,LEO,SpaceX,Success,1.0,Drone ship,28.5623,-80.5774
322,2024-04-11 14:25:00,F9 B5 B1082-3,VAFB SLC-4E,USSF-62 (WSF-M 1),1200.0,SSO,USSF,Success,1.0,Ground pad,34.6321,-120.6108
323,2024-04-13 01:40:00,F9 B5 B1062-20,CCAFS SLC-40,Starlink: Group 6-49 (23 satellites),17100.0,LEO,SpaceX,Success,1.0,Drone ship,28.5623,-80.5774
324,2024-04-17 21:26:00,F9 B5 B1077-12,KSC LC-39A,Starlink: Group 6-51 (23 satellites),17100.0,LEO,SpaceX,Success,1.0,Drone ship,28.608,-80.6041
325,2024-04-18 22:40:00,F9 B5 B1080-7,CCAFS SLC-40,Starlink: Group 6-52 (23 satellites),17100.0,LEO,SpaceX,Success,1.0,Drone ship,28.5623,-80.5774
326,2024-04-23 22:17:00,F9 B5 B1078-9,CCAFS SLC-40,Starlink: Group 6-53 (23 satellites),17100.0,LEO,SpaceX,Success,1.0,Drone ship,28.5623,-80.5774
327,2024-04-28 00:34:00,F9 B5 B1060-20,KSC LC-39A,Galileo-L12 (FOC FM25 & FM27),1600.0,MEO,ESA,Success,,No attempt,28.608,-80.6041
328,2024-04-28 22:08:00,F9 B5 B1076-13,CCAFS SLC-40,Starlink: Group 6-54 (23 satellites),17100.0,LEO,SpaceX,Success,1.0,Drone ship,28.5623,-80.5774
329,2024-05-02 18:36:00,F9 B5 B1061-20,VAFB SLC-4E,WorldView Legion 1 & 2,1500.0,SSO,Maxar Technologies,Success,1.0,Ground pad,34.6321,-120.6108
330,2024-05-03 02:37:00,F9 B5 B1067-19,CCAFS SLC-40,Starlink: Group 6-55 (23 satellites),17100.0,LEO,SpaceX,Success,1.0,Drone ship,28.5623,-80.5774
331,2024-05-06 18:14:00,F9 B5 B1069-15,CCAFS SLC-40,Starlink: Group 6-57 (23 satellites),17100.0,LEO,SpaceX,Success,1.0,Drone ship,28.5623,-80.5774
332,2024-05-08 18:42:00,F9 B5 B1083-3,KSC LC-39A,Starlink: Group 6-56 (23 satellites),17100.0,LEO,SpaceX,Success,1.0,Drone ship,28.608,-80.6041
333,2024-05-10 04:30:00,F9 B5 B1082-4,VAFB SLC-4E,Starlink: Group 8-2 (20 satellites),16300.0,LEO,SpaceX,Success,1.0,Drone ship,34.6321,-120.6108
334,2024-05-13 00:53:00,F9 B5 B1073-15,CCAFS SLC-40,Starlink: Group 6-58 (23 satellites),17100.0,LEO,SpaceX,Success,1.0,Drone ship,28.5623,-80.5774
335,2024-05-14 18:39:00,F9 B5 B1063-18,VAFB SLC-4E,Starlink: Group 8-7 (20 satellites),16300.0,LEO,SpaceX,Success,1.0,Drone ship,34.6321,-120.6108
336,2024-05-18 00:32:00,F9 B5 B1062-21,CCAFS SLC-40,Starlink: Group 6-59 (23 satellites),17100.0,LEO,SpaceX,Success,1.0,Drone ship,28.5623,-80.5774
337,2024-05-22 08:00:00,F9 B5 B1071-16,VAFB SLC-4E,NROL-146 (21 Starshield satellites),,SSO,Northrop Grumman/NRO,Success,1.0,Drone ship,34.6321,-120.6108
338,2024-05-23 02:35:00,F9 B5 B1080-8,CCAFS SLC-40,Starlink: Group 6-62 (23 satellites),17100.0,LEO,SpaceX,Success,1.0,Drone ship,28.5623,-80.5774
339,2024-05-24 02:45:00,F9 B5 B1077-13,KSC LC-39A,Starlink: Group 6-63 (23 satellites),17100.0,LEO,SpaceX,Success,1.0,Drone ship,28.608,-80.6041
340,2024-05-28 14:24:00,F9 B5 B1078-10,CCAFS SLC-40,Starlink: Group 6-60 (23 satellites),17100.0,LEO,SpaceX,Success,1.0,Drone ship,28.5623,-80.5774
341,2024-05-28 22:20:00,F9 B5 B1081-7,VAFB SLC-4E,EarthCARE,2350.0,SSO,ESA,Success,1.0,Ground pad,34.6321,-120.6108
342,2024-06-01 02:37:00,F9 B5 B1076-14,CCAFS SLC-40,Starlink: Group 6-64 (23 satellites),17100.0,LEO,SpaceX,Success,1.0,Drone ship,28.5623,-80.5774
343,2024-06-05 02:16:00,F9 B5 B1067-20,CCAFS SLC-40,Starlink: Group 8-5 (20 satellites),16300.0,LEO,SpaceX,Success,1.0,Drone ship,28.5623,-80.5774
344,2024-06-08 01:56:00,F9 B5 B1069-16,CCAFS SLC-40,Starlink: Group 10-1 (22 satellites),16700.0,LEO,SpaceX,Success,1.0,Drone ship,28.5623,-80.5774
345,2024-06-08 12:58:00,F9 B5 B1061-21,VAFB SLC-4E,Starlink: Group 8-8 (20 satellites),16300.0,LEO,SpaceX,Success,1.0,Drone ship,34.6321,-120.6108
346,2024-06-19 03:40:00,F9 B5 B1082-5,VAFB SLC-4E,Starlink: Group 9-1 (20 satellites),16300.0,LEO,SpaceX,Success,1.0,Drone ship,34.6321,-120.6108
347,2024-06-20 21:35:00,F9 B5 B1080-9,CCAFS SLC-40,Astra 1P,5000.0,GTO,SES,Success,1.0,Drone ship,28.5623,-80.5774
348,2024-06-23 17:15:00,F9 B5 B1078-11,CCAFS SLC-40,Starlink: Group 10-2 (22 satellites),16700.0,LEO,SpaceX,Success,1.0,Drone ship,28.5623,-80.5774
349,2024-06-24 03:47:00,F9 B5 B1075-11,VAFB SLC-4E,Starlink: Group 9-2 (20 satellites),16300.0,LEO,SpaceX,Success,1.0,Drone ship,34.6321,-120.6108
350,2024-06-27 11:14:00,F9 B5 B1062-22,CCAFS SLC-40,Starlink: Group 10-3 (23 satellites),17100.0,LEO,SpaceX,Success,1.0,Drone ship,28.5623,-80.5774
351,2024-06-29 03:14:00,F9 B5 B1081-8,VAFB SLC-4E,NROL-186 (~21 Starshield satellites),,SSO,NRO,Success,1.0,Drone ship,34.6321,-120.6108
352,2024-07-03 08:55:00,F9 B5 B1073-16,CCAFS SLC-40,Starlink: Group 8-9 (20 satellites),16300.0,LEO,SpaceX,Success,1.0,Drone ship,28.5623,-80.5774
353,2024-07-08 23:30:00,F9 B5 B1076-15,CCAFS SLC-40,Türksat 6A,4250.0,GTO,Türksat,Success,1.0,Drone ship,28.5623,-80.5774
354,2024-07-12 02:35:00,F9 B5 B1063-19,VAFB SLC-4E,Starlink: Group 9-3 (20 satellites),16300.0,LEO,SpaceX,Failure,1.0,Drone ship,34.6321,-120.6108
355,2024-07-27 05:45:00,F9 B5 B1069-17,KSC LC-39A,Starlink: Group 10-9 (23 satellites),17100.0,LEO,SpaceX,Success,1.0,Drone ship,28.608,-80.6041
356,2024-07-28 05:09:00,F9 B5 B1077-14,CCAFS SLC-40,Starlink: Group 10-4 (23 satellites),17100.0,LEO,SpaceX,Success,1.0,Drone ship,28.5623,-80.5774
357,2024-07-28 09:22:00,F9 B5 B1071-17,VAFB SLC-4E,Starlink: Group 9-4 (21 satellites),16500.0,LEO,SpaceX,Success,1.0,Drone ship,34.6321,-120.6108
358,2024-08-02 05:01:00,F9 B5 B1078-12,KSC LC-39A,Starlink: Group 10-6 (23 satellites),17100.0,LEO,SpaceX,Success,1.0,Drone ship,28.608,-80.6041
359,2024-08-04 07:24:00,F9 B5 B1082-6,VAFB SLC-4E,Starlink: Group 11-1 (23 satellites),17100.0,LEO,SpaceX,Success,1.0,Drone ship,34.6321,-120.6108
360,2024-08-04 15:02:00,F9 B5 B1080-10,CCAFS SLC-40,"CRS NG-21 (S.S. Francis R. ""Dick"" Scobee)",3857.0,LEO (ISS),Northrop Grumman (CRS),Success,1.0,Ground pad,28.5623,-80.5774
361,2024-08-10 12:50:00,F9 B5 B1067-21,CCAFS SLC-40,Starlink: Group 8-3 (21 satellites),16500.0,LEO,SpaceX,Success,1.0,Drone ship,28.5623,-80.5774
362,2024-08-12 02:02:00,F9 B5 B1061-22,VAFB SLC-4E,ASBM 1 (GX 10A) & ASBM 2 (GX 10B),7230.0,Molniya,Space Norway,Success,1.0,Drone ship,34.6321,-120.6108
363,2024-08-12 10:37:00,F9 B5 B1073-17,KSC LC-39A,Starlink: Group 10-7 (23 satellites),17100.0,LEO,SpaceX,Success,1.0,Drone ship,28.608,-80.6041
364,2024-08-15 13:00:00,F9 B5 B1076-16,CCAFS SLC-40,WorldView Legion 3 & 4,1500.0,LEO,Maxar Technologies,Success,1.0,Ground pad,28.5623,-80.5774
365,2024-08-16 18:56:00,F9 B5 B1075-12,VAFB SLC-4E,Transporter-11 (116 payload smallsat rideshare),,SSO,Various,Success,1.0,Ground pad,34.6321,-120.6108
366,2024-08-20 13:20:00,F9 B5 B1085-1,CCAFS SLC-40,Starlink: Group 10-5 (23 satellites),16700.0,LEO,SpaceX,Success,1.0,Drone ship,28.5623,-80.5774
367,2024-08-28 07:48:00,F9 B5 B1062-23,CCAFS SLC-40,Starlink: Group 8-6 (21 satellites),16700.0,LEO,SpaceX,Success,0.0,Drone ship,28.5623,-80.5774
368,2024-08-31 07:43:00,F9 B5 B1069-18,CCAFS SLC-40,Starlink: Group 8-10 (21 satellites),16700.0,LEO,SpaceX,Success,1.0,Drone ship,28.5623,-80.5774
369,2024-08-31 08:48:00,F9 B5 B1081-9,VAFB SLC-4E,Starlink: Group 9-5 (21 satellites),16700.0,LEO,SpaceX,Success,1.0,Drone ship,34.6321,-120.6108
370,2024-09-05 15:33:00,F9 B5 B1077-15,CCAFS SLC-40,Starlink: Group 8-11 (21 satellites),16700.0,LEO,SpaceX,Success,1.0,Drone ship,28.5623,-80.5774
371,2024-09-06 03:20:00,F9 B5 B1063-20,VAFB SLC-4E,NROL-113 (21 Starshield satellites),,LEO,NRO,Success,1.0,Drone ship,34.6321,-120.6108
372,2024-09-10 09:23:00,F9 B5 B1083-4,KSC LC-39A,Polaris Dawn (Crew Dragon C207-3 Resilience),13000.0,LEO,Polaris Program,Success,1.0,Drone ship,28.608,-80.6041
373,2024-09-12 08:52:00,F9 B5 B1078-13,CCAFS SLC-40,BlueBird Block 1 (5 satellites),7500.0,LEO,AST SpaceMobile,Success,1.0,Ground pad,28.5623,-80.5774
374,2024-09-13 01:45:00,F9 B5 B1071-18,VAFB SLC-4E,Starlink: Group 9-6 (21 satellites),16700.0,LEO,SpaceX,Success,1.0,Drone ship,34.6321,-120.6108
375,2024-09-17 22:50:00,F9 B5 B1067-22,CCAFS SLC-40,Galileo-L13 (FOC FM26 & FM32),1600.0,MEO,ESA,Success,1.0,Drone ship,28.5623,-80.5774
376,2024-09-20 13:50:00,F9 B5 B1075-13,VAFB SLC-4E,Starlink: Group 9-17 (20 satellites),16300.0,LEO,SpaceX,Success,1.0,Drone ship,34.6321,-120.6108
377,2024-09-25 04:01:00,F9 B5 B1081-10,VAFB SLC-4E,Starlink: Group 9-8 (20 satellites),16300.0,LEO,SpaceX,Success,1.0,Drone ship,34.6321,-120.6108
378,2024-09-28 17:17:00,F9 B5 B1085-2,CCAFS SLC-40,Crew-9 (Crew Dragon C212-4 Freedom),13000.0,LEO (ISS),NASA (CTS),Success,1.0,Ground pad,28.5623,-80.5774
379,2024-10-07 14:52:00,F9 B5 B1061-23,CCAFS SLC-40,Hera,1108.0,Heliocentric,ESA,Success,,No attempt,28.5623,-80.5774
380,2024-10-15 06:10:00,F9 B5 B1080-11,CCAFS SLC-40,Starlink: Group 10-10 (23 satellites),17100.0,LEO,SpaceX,Success,1.0,Drone ship,28.5623,-80.5774
381,2024-10-15 08:21:00,F9 B5 B1071-19,VAFB SLC-4E,Starlink: Group 9-7 (20 satellites),16300.0,LEO,SpaceX,Success,1.0,Drone ship,34.6321,-120.6108
382,2024-10-18 23:31:00,F9 B5 B1076-17,CCAFS SLC-40,Starlink: Group 8-19 (20 satellites),16300.0,LEO,SpaceX,Success,1.0,Drone ship,28.5623,-80.5774
383,2024-10-20 05:13:00,F9 B5 B1082-7,VAFB SLC-4E,OneWeb #20 (20 satellites),2954.0,Polar LEO,OneWeb,Success,1.0,Ground pad,34.6321,-120.6108
384,2024-10-23 21:47:00,F9 B5 B1073-18,CCAFS SLC-40,Starlink: Group 6-61 (23 satellites),17100.0,LEO,SpaceX,Success,1.0,Drone ship,28.5623,-80.5774
385,2024-10-24 17:13:00,F9 B5 B1063-21,VAFB SLC-4E,NROL-167 (~17 Starshield satellites),,LEO,NRO,Success,1.0,Drone ship,34.6321,-120.6108
386,2024-10-26 21:47:00,F9 B5 B1069-19,CCAFS SLC-40,Starlink: Group 10-8 (22 satellites),16700.0,LEO,SpaceX,Success,1.0,Drone ship,28.5623,-80.5774
387,2024-10-30 12:07:00,F9 B5 B1075-14,VAFB SLC-4E,Starlink: Group 9-9 (20 satellites),16300.0,LEO,SpaceX,Success,1.0,Drone ship,34.6321,-120.6108
388,2024-10-30 21:10:00,F9 B5 B1078-14,CCAFS SLC-40,Starlink: Group 10-13 (23 satellites),17100.0,LEO,SpaceX,Success,1.0,Drone ship,28.5623,-80.5774
389,2024-11-05 02:29:00,F9 B5 B1083-5,KSC LC-39A,SpaceX CRS-31 (Cargo Dragon C208-5),2762.0,LEO (ISS),NASA (CRS),Success,1.0,Ground pad,28.608,-80.6041
390,2024-11-07 20:19:00,F9 B5 B1085-3,CCAFS SLC-40,Starlink: Group 6-77 (23 satellites),17100.0,LEO,SpaceX,Success,1.0,Drone ship,28.5623,-80.5774
391,2024-11-09 06:14:00,F9 B5 B1081-11,VAFB SLC-4E,Starlink: Group 9-10 (20 satellites),16300.0,LEO,SpaceX,Success,1.0,Drone ship,34.6321,-120.6108
392,2024-11-11 17:22:00,F9 B5 B1067-23,KSC LC-39A,Koreasat 6A,3500.0,GTO,KT Sat,Success,1.0,Ground pad,28.608,-80.6041
393,2024-11-11 21:28:00,F9 B5 B1080-12,CCAFS SLC-40,Starlink: Group 6-69 (24 satellites),17500.0,LEO,SpaceX,Success,1.0,Drone ship,28.5623,-80.5774
394,2024-11-14 05:23:00,F9 B5 B1082-8,VAFB SLC-4E,Starlink: Group 9-11 (20 satellites),16300.0,LEO,SpaceX,Success,1.0,Drone ship,34.6321,-120.6108
395,2024-11-14 13:21:00,F9 B5 B1076-18,CCAFS SLC-40,Starlink: Group 6-68 (24 satellites),17500.0,LEO,SpaceX,Success,1.0,Drone ship,28.5623,-80.5774
396,2024-11-17 22:28:00,F9 B5 B1077-16,KSC LC-39A,Optus-X/TD7,4000.0,GTO,Optus,Success,1.0,Drone ship,28.608,-80.6041
397,2024-11-18 05:53:00,F9 B5 B1071-20,VAFB SLC-4E,Starlink: Group 9-12 (20 satellites),16300.0,LEO,SpaceX,Success,1.0,Drone ship,34.6321,-120.6108
398,2024-11-18 18:31:00,F9 B5 B1073-19,CCAFS SLC-40,GSAT-20 (GSAT-N2),4700.0,GTO,New Space India Limited Dish TV,Success,1.0,Drone ship,28.5623,-80.5774
399,2024-11-21 16:07:00,F9 B5 B1069-20,CCAFS SLC-40,Starlink: Group 6-66 (24 satellites),17500.0,LEO,SpaceX,Success,1.0,Drone ship,28.5623,-80.5774
400,2024-11-24 05:25:00,F9 B5 B1075-15,VAFB SLC-4E,Starlink: Group 9-13 (20 satellites),16300.0,LEO,SpaceX,Success,1.0,Drone ship,34.6321,-120.6108
401,2024-11-25 10:02:00,F9 B5 B1080-13,CCAFS SLC-40,Starlink: Group 12-1 (23 satellites),17100.0,LEO,SpaceX,Success,1.0,Drone ship,28.5623,-80.5774
402,2024-11-27 04:41:00,F9 B5 B1078-15,KSC LC-39A,Starlink: Group 6-76 (24 satellites),17500.0,LEO,SpaceX,Success,1.0,Drone ship,28.608,-80.6041
403,2024-11-30 05:00:00,F9 B5 B1083-6,CCAFS SLC-40,Starlink: Group 6-65 (24 satellites),17500.0,LEO,SpaceX,Success,1.0,Drone ship,28.5623,-80.5774
404,2024-11-30 08:10:00,F9 B5 B1088-1,VAFB SLC-4E,NROL-126 (2 Starshield satellites) + Starlink: Group N-01 (20 satellites),16100.0,LEO,NRO/SpaceX,Success,1.0,Drone ship,34.6321,-120.6108
405,2024-12-04 10:13:00,F9 B5 B1067-24,CCAFS SLC-40,Starlink: Group 6-70 (24 satellites),17500.0,LEO,SpaceX,Success,1.0,Drone ship,28.5623,-80.5774
406,2024-12-05 03:05:00,F9 B5 B1081-12,VAFB SLC-4E,Starlink: Group 9-14 (20 satellites),16300.0,LEO,SpaceX,Success,1.0,Drone ship,34.6321,-120.6108
407,2024-12-05 16:10:00,F9 B5 B1076-19,KSC LC-39A,SXM-9,7000.0,GTO,SiriusXM,Success,1.0,Drone ship,28.608,-80.6041
408,2024-12-08 05:12:00,F9 B5 B1086-2,CCAFS SLC-40,Starlink: Group 12-5 (23 satellites),17100.0,LEO,SpaceX,Success,1.0,Drone ship,28.5623,-80.5774
409,2024-12-13 21:55:00,F9 B5 B1082-9,VAFB SLC-4E,Starlink: Group 11-2 (22 satellites),16700.0,LEO,SpaceX,Success,1.0,Drone ship,34.6321,-120.6108
410,2024-12-17 00:52:00,F9 B5 B1085-4,CCAFS SLC-40,GPS III-7 (RRT-1),4350.0,MEO,USSF,Success,1.0,Drone ship,28.5623,-80.5774
411,2024-12-17 13:19:00,F9 B5 B1063-22,VAFB SLC-4E,NROL-149 (22 Starshield satellites),,LEO,NRO,Success,1.0,Drone ship,34.6321,-120.6108
412,2024-12-17 22:26:00,F9 B5 B1090-1,KSC LC-39A,O3b mPOWER 7 & 8,3400.0,MEO,SES,Success,1.0,Drone ship,28.608,-80.6041
413,2024-12-21 11:34:00,F9 B5 B1071-21,VAFB SLC-4E,Bandwagon-2 (30 payload smallsat rideshare) 425 Project Flight 3,800.0,LEO,Various Republic of Korea Armed Forces,Success,1.0,Ground pad,34.6321,-120.6108
414,2024-12-23 05:35:00,F9 B5 B1080-14,KSC LC-39A,Starlink: Group 12-2 (21 satellites),16500.0,LEO,SpaceX,Success,1.0,Drone ship,28.608,-80.6041
415,2024-12-29 01:58:00,F9 B5 B1075-16,VAFB SLC-4E,Starlink: Group 11-3 (22 satellites),16700.0,LEO,SpaceX,Success,1.0,Drone ship,34.6321,-120.6108
416,2024-12-29 05:00:00,F9 B5 B1083-7,CCAFS SLC-40,Astranis: From One to Many (4 satellites),1600.0,GTO,Astranis,Success,1.0,Drone ship,28.5623,-80.5774
417,2024-12-31 05:39:00,F9 B5 B1078-16,KSC LC-39A,Starlink: Group 12-6 (21 satellites),16500.0,LEO,SpaceX,Success,1.0,Drone ship,28.608,-80.6041
418,2025-01-04 01:27:00,F9 B5 B1073-20,CCAFS SLC-40,Thuraya 4-NGS,5000.0,GTO,Thuraya,Success,1.0,Drone ship,28.5623,-80.5774
419,2025-01-06 20:43:00,F9 B5 B1077-17,CCAFS SLC-40,Starlink: Group 6‑71,17500.0,LEO,SpaceX,Success,1.0,Drone ship,28.5623,-80.5774
420,2025-01-08 15:27:00,F9 B5 B1086-3,KSC LC-39A,Starlink: Group 12-11 (21 satellites),16500.0,LEO,SpaceX,Success,1.0,Drone ship,28.608,-80.6041
421,2025-01-10 03:53:00,F9 B5 B1071-22,VAFB SLC-4E,NROL-153 (22 Starshield satellites),,LEO,NRO,Success,1.0,Drone ship,34.6321,-120.6108
422,2025-01-10 19:11:00,F9 B5 B1067-25,CCAFS SLC-40,Starlink: Group 12-12 (21 satellites),16500.0,LEO,SpaceX,Success,1.0,Drone ship,28.5623,-80.5774
423,2025-01-13 16:47:00,F9 B5 B1080-15,CCAFS SLC-40,Starlink: Group 12-4 (21 satellites),16500.0,LEO,SpaceX,Success,1.0,Drone ship,28.5623,-80.5774
424,2025-01-14 19:09:00,F9 B5 B1088-2,VAFB SLC-4E,Transporter-12 (131 payload smallsat rideshare),2000.0,SSO,Various,Success,1.0,Ground pad,34.6321,-120.6108
425,2025-01-15 06:11:00,F9 B5 B1085-5,KSC LC-39A,Blue Ghost Mission 1,2517.0,TLI,Firefly Aerospace & NASA (CLPS),Success,1.0,Drone ship,28.608,-80.6041
426,2025-01-21 05:24:00,F9 B5 B1083-8,KSC LC-39A,Starlink: Group 13-1 (21 satellites) + 2 Starshield satellites,15300.0,LEO,SpaceX,Success,1.0,Drone ship,28.608,-80.6041
427,2025-01-21 15:45:00,F9 B5 B1082-10,VAFB SLC-4E,Starlink: Group 11-8 (27 satellites),15500.0,LEO,SpaceX,Success,1.0,Drone ship,34.6321,-120.6108
428,2025-01-24 14:07:00,F9 B5 B1063-23,VAFB SLC-4E,Starlink: Group 11-6 (23 satellites),17100.0,LEO,SpaceX,Success,1.0,Drone ship,34.6321,-120.6108
429,2025-01-27 22:05:00,F9 B5 B1076-20,CCAFS SLC-40,Starlink: Group 12-7 (21 satellites),16500.0,LEO,SpaceX,Success,1.0,Drone ship,28.5623,-80.5774
430,2025-01-30 01:34:00,F9 B5 B1073-21,KSC LC-39A,Spainsat NG I,6100.0,GTO,Hisdesat,Success,,No attempt,28.608,-80.6041
431,2025-02-01 23:02:00,F9 B5 B1075-17,VAFB SLC-4E,Starlink: Group 11-4,16700.0,LEO,SpaceX,Success,1.0,Drone ship,34.6321,-120.6108
432,2025-02-04 10:15:00,F9 B5 B1069-21,CCAFS SLC-40,Starlink: Group 12-3 (21 satellites),16500.0,LEO,SpaceX,Success,1.0,Drone ship,28.5623,-80.5774
433,2025-02-04 23:13:00,F9 B5 B1086-4,KSC LC-39A,WorldView Legion 5 & 6 (2 satellites),1500.0,LEO,Maxar Technologies,Success,1.0,Ground pad,28.608,-80.6041
434,2025-02-08 19:18:00,F9 B5 B1078-17,CCAFS SLC-40,Starlink: Group 12-9 (21 satellites),16500.0,LEO,SpaceX,Success,1.0,Drone ship,28.5623,-80.5774
435,2025-02-11 02:09:00,F9 B5 B1071-23,VAFB SLC-4E,Starlink: Group 11-10,17100.0,LEO,SpaceX,Success,1.0,Drone ship,34.6321,-120.6108
436,2025-02-11 18:53:00,F9 B5 B1077-18,CCAFS SLC-40,Starlink: Group 12-18 (21 satellites),16500.0,LEO,SpaceX,Success,1.0,Drone ship,28.5623,-80.5774
437,2025-02-15 06:14:00,F9 B5  B1067-26,CCAFS SLC-40,Starlink: Group 12-8,16500.0,LEO,SpaceX,Success,1.0,Drone ship,28.5623,-80.5774
438,2025-02-18 23:21:00,F9 B5 B1080-16,CCAFS SLC-40,Starlink: Group 10-12 (23 satellites),17100.0,LEO,SpaceX,Success,1.0,Drone ship,28.5623,-80.5774
439,2025-02-21 15:19:00,F9 B5 B1076-21,CCAFS SLC-40,Starlink: Group 12-14 (23 satellites),17100.0,LEO,SpaceX,Success,1.0,Drone ship,28.5623,-80.5774
440,2025-02-23 01:38:00,F9 B5 B1082-11,VAFB SLC-4E,Starlink: Group 15-1 (22 satellites),16800.0,LEO,SpaceX,Success,1.0,Drone ship,34.6321,-120.6108
441,2025-02-27 00:16:00,F9 B5 B1083-9,KSC LC-39A,"IM-2 Nova-C ""Athena"" lunar lander Lunar Trailblazer Brokkr-2 Odin Chimera-1 TBD",,TLI,NASA (CLPS) Intuitive Machines AstroForge Epic Aerospace TBD,Success,1.0,Drone ship,28.608,-80.6041
442,2025-02-27 03:34:00,F9 B5 B1092-1,CCAFS SLC-40,Starlink: Group 12-13 (21 satellites),16500.0,LEO,SpaceX,Success,1.0,Drone ship,28.5623,-80.5774
443,2025-03-03 02:24:00,F9 B5 B1086-5,CCAFS SLC-40,Starlink: Group 12-20 (21 satellites),16500.0,LEO,SpaceX,Success,0.0,Drone ship,28.5623,-80.5774
444,2025-03-12 03:10:00,F9 B5 B1088-3,VAFB SLC-4E,SPHEREx PUNCH,758.0,SSO,NASA,Success,1.0,Ground pad,34.6321,-120.6108
445,2025-03-13 02:35:00,F9 B5 B1069-22,CCAFS SLC-40,Starlink: Group 12-21,16500.0,LEO,SpaceX,Success,1.0,Drone ship,28.5623,-80.5774
446,2025-03-14 23:03:00,F9 B5 B1090-2,KSC LC-39A,Crew-10 (Crew Dragon C210-4 Endurance),13000.0,LEO (ISS),NASA (CCP),Success,1.0,Ground pad,28.608,-80.6041
447,2025-03-15 06:43:00,F9 B5 B1081-13,VAFB SLC-4E,Transporter-13 (74 payload smallsat rideshare),,SSO,Various,Success,1.0,Ground pad,34.6321,-120.6108
448,2025-03-15 11:35:00,F9 B5 B1078-18,CCAFS SLC-40,Starlink: Group 12-16,17100.0,LEO,SpaceX,Success,1.0,Drone ship,28.5623,-80.5774
449,2025-03-18 19:57:00,F9 B5 B1077-19,CCAFS SLC-40,Starlink: Group 12-25,17100.0,LEO,SpaceX,Success,1.0,Drone ship,28.5623,-80.5774
450,2025-03-21 06:49:00,F9 B5 B1088-4,VAFB SLC-4E,NROL-57 (~11 Starshield satellites),,LEO,NRO,Success,1.0,Ground pad,34.6321,-120.6108
451,2025-03-24 17:48:00,F9 B5 B1092-2,CCAFS SLC-40,NROL-69,,LEO,USSF,Success,1.0,Ground pad,28.5623,-80.5774
452,2025-03-26 22:11:00,F9 B5 B1063-24,VAFB SLC-4E,Starlink: Group 11-7,15500.0,LEO,SpaceX,Success,1.0,Drone ship,34.6321,-120.6108
453,2025-03-31 19:52:00,F9 B5 B1080-17,CCAFS SLC-40,Starlink: Group 6-80,16100.0,LEO,SpaceX,Success,1.0,Drone ship,28.5623,-80.5774
454,2025-04-01 01:46:00,F9 B5 B1085-6,KSC LC-39A,Fram2 (Crew Dragon C207-4 Resilience),13000.0,Polar (Retrograde),Chun Wang,Success,1.0,Drone ship,28.608,-80.6041
455,2025-04-04 01:02:00,F9 B5 B1088-5,VAFB SLC-4E,Starlink: Group 11-13,15500.0,LEO,SpaceX,Success,1.0,Drone ship,34.6321,-120.6108
456,2025-04-06 03:07:00,F9 B5 B1078-19,CCAFS SLC-40,Starlink: Group 6-72,16100.0,LEO,SpaceX,Success,1.0,Drone ship,28.5623,-80.5774
457,2025-04-07 23:06:00,F9 B5 B1093-1,VAFB SLC-4E,Starlink: Group 11-11,15500.0,LEO,SpaceX,Success,1.0,Drone ship,34.6321,-120.6108
458,2025-04-12 12:25:00,F9 B5 B1071-24,VAFB SLC-4E,NROL-192 (22 Starshield satellites),,LEO,NRO,Success,1.0,Drone ship,34.6321,-120.6108
459,2025-04-13 00:53:00,F9 B5 B1083-10,KSC LC-39A,Starlink: Group 12-17,16500.0,LEO,SpaceX,Success,1.0,Drone ship,28.608,-80.6041
460,2025-04-14 04:00:00,F9 B5 B1067-27,CCAFS SLC-40,Starlink: Group 6-73,15500.0,LEO,SpaceX,Success,1.0,Drone ship,28.5623,-80.5774
461,2025-04-20 12:29:00,F9 B5 B1082-12,VAFB SLC-4E,NROL-145 (22 Starshield satellites),,LEO,NRO,Success,1.0,Drone ship,34.6321,-120.6108
462,2025-04-21 08:15:00,F9 B5 B1092-3,KSC LC-39A,SpaceX CRS-32 (Cargo Dragon C209-5),3021.0,LEO (ISS),NASA (CRS),Success,1.0,Ground pad,28.608,-80.6041
463,2025-04-22 00:48:00,F9 B5 B1090-3,CCAFS SLC-40,"Bandwagon-3 (425Sat-3, Tomorrow-S7, PHOENIX)",,LEO,Republic of Korea Armed Forces Tomorrow.io Atmos Space Cargo,Success,1.0,Ground pad,28.5623,-80.5774
464,2025-04-25 01:52:00,F9 B5 B1069-23,CCAFS SLC-40,Starlink: Group 6-74,16100.0,LEO,SpaceX,Success,1.0,Drone ship,28.5623,-80.5774
465,2025-04-28 02:09:00,F9 B5 B1077-20,CCAFS SLC-40,Starlink: Group 12-23,17100.0,LEO,SpaceX,Success,1.0,Drone ship,28.5623,-80.5774
466,2025-04-28 20:42:00,F9 B5 B1063-25,VAFB SLC-4E,Starlink: Group 11-9,15500.0,LEO,SpaceX,Success,1.0,Drone ship,34.6321,-120.6108
467,2025-04-29 02:34:00,F9 B5 B1094-1,KSC LC-39A,Starlink: Group 12-10,17100.0,LEO,SpaceX,Success,1.0,Drone ship,28.608,-80.6041
468,2025-05-02 01:51:00,F9 B5 B1080-18,CCAFS SLC-40,Starlink: Group 6-75,16100.0,LEO,SpaceX,Success,1.0,Drone ship,28.5623,-80.5774
469,2025-05-04 08:54:00,F9 B5 B1078-20,KSC LC-39A,Starlink: Group 6-84,16675.0,LEO,SpaceX,Success,1.0,Drone ship,28.608,-80.6041
470,2025-05-07 01:17:00,F9 B5 B1085-7,CCAFS SLC-40,Starlink: Group 6-93,16100.0,LEO,SpaceX,Success,1.0,Drone ship,28.5623,-80.5774
471,2025-05-10 00:19:00,F9 B5 B1081-14,VAFB SLC-4E,Starlink: Group 15-3,14950.0,LEO,SpaceX,Success,1.0,Drone ship,34.6321,-120.6108
472,2025-05-10 06:28:00,F9 B5 B1083-11,CCAFS SLC-40,Starlink: Group 6-91,16100.0,LEO,SpaceX,Success,1.0,Drone ship,28.5623,-80.5774
473,2025-05-13 01:15:00,F9 B5 B1088-6,VAFB SLC-4E,Starlink: Group 15-4,14950.0,LEO,SpaceX,Success,1.0,Drone ship,34.6321,-120.6108
474,2025-05-13 05:02:00,F9 B5 B1067-28,KSC LC-39A,Starlink: Group 6-83,16100.0,LEO,SpaceX,Success,1.0,Drone ship,28.608,-80.6041
475,2025-05-14 16:38:00,F9 B5 B1090-4,CCAFS SLC-40,Starlink: Group 6-67,16100.0,LEO,SpaceX,Success,1.0,Drone ship,28.5623,-80.5774
476,2025-05-16 13:43:00,F9 B5 B1093-2,VAFB SLC-4E,Starlink: Group 15-5,14950.0,LEO,SpaceX,Success,1.0,Drone ship,34.6321,-120.6108
477,2025-05-21 03:19:00,F9 B5 B1095-1,CCAFS SLC-40,Starlink: Group 12-15,17100.0,LEO,SpaceX,Success,1.0,Drone ship,28.5623,-80.5774
478,2025-05-23 22:32:00,F9 B5 B1075-18,VAFB SLC-4E,Starlink: Group 11-16,15500.0,LEO,SpaceX,Success,1.0,Drone ship,34.6321,-120.6108
479,2025-05-24 17:19:00,F9 B5 B1069-24,CCAFS SLC-40,Starlink: Group 12-22,17100.0,LEO,SpaceX,Success,1.0,Drone ship,28.5623,-80.5774
480,2025-05-27 16:57:00,F9 B5 B1082-13,VAFB SLC-4E,Starlink: Group 17-1,17500.0,SSO,SpaceX,Success,1.0,Drone ship,34.6321,-120.6108
481,2025-05-28 13:30:00,F9 B5 B1080-19,KSC LC-39A,Starlink: Group 10-32,15500.0,LEO,SpaceX,Success,1.0,Drone ship,28.608,-80.6041
482,2025-05-30 17:37:00,F9 B5 B1092-4,CCAFS SLC-40,GPS III-8,4350.0,MEO,USSF,Success,1.0,Drone ship,28.5623,-80.5774
483,2025-05-31 20:10:00,F9 B5 B1071-25,VAFB SLC-4E,Starlink: Group 11-18,15500.0,LEO,SpaceX,Success,1.0,Drone ship,34.6321,-120.6108
484,2025-06-03 04:43:00,F9 B5 B1077-21,CCAFS SLC-40,Starlink: Group 12-19,17100.0,LEO,SpaceX,Success,1.0,Drone ship,28.5623,-80.5774
485,2025-06-04 23:40:00,F9 B5 B1063-26,VAFB SLC-4E,Starlink: Group 11-22,15500.0,LEO,SpaceX,Success,1.0,Drone ship,34.6321,-120.6108
486,2025-06-07 04:54:00,F9 B5 B1085-8,CCAFS SLC-40,SXM-10,6400.0,GTO,SiriusXM,Success,1.0,Drone ship,28.5623,-80.5774
487,2025-06-08 14:20:00,F9 B5 B1088-7,VAFB SLC-4E,Starlink: Group 15-8,14950.0,LEO,SpaceX,Success,1.0,Drone ship,34.6321,-120.6108
488,2025-06-10 13:05:00,F9 B5 B1083-12,CCAFS SLC-40,Starlink: Group 12-24,17100.0,LEO,SpaceX,Success,1.0,Drone ship,28.5623,-80.5774
489,2025-06-13 01:54:00,F9 B5 B1081-15,VAFB SLC-4E,Starlink: Group 15-6,14950.0,LEO,SpaceX,Success,1.0,Drone ship,34.6321,-120.6108
490,2025-06-13 15:29:00,F9 B5 B1078-21,CCAFS SLC-40,Starlink: Group 12-26,17100.0,LEO,SpaceX,Success,1.0,Drone ship,28.5623,-80.5774
491,2025-06-17 03:36:00,F9 B5 B1093-3,VAFB SLC-4E,Starlink: Group 15-9,14950.0,LEO,SpaceX,Success,1.0,Drone ship,34.6321,-120.6108
492,2025-06-18 05:55:00,F9 B5 B1090-5,CCAFS SLC-40,Starlink: Group 10-18,16100.0,LEO,SpaceX,Success,1.0,Drone ship,28.5623,-80.5774
493,2025-06-23 05:58:00,F9 B5 B1069-25,CCAFS SLC-40,Starlink: Group 10-23,15500.0,LEO,SpaceX,Success,1.0,Drone ship,28.5623,-80.5774
494,2025-06-23 21:25:00,F9 B5 B1071-26,VAFB SLC-4E,Transporter-14 (70 payloads smallsat rideshare),,SSO,Various,Success,1.0,Drone ship,34.6321,-120.6108
495,2025-06-25 06:31:00,F9 B5 B1094-2,KSC LC-39A,Axiom Mission 4 (Crew Dragon C213-1 Grace),13000.0,LEO (ISS),Axiom Space,Success,1.0,Ground pad,28.608,-80.6041
496,2025-06-25 19:54:00,F9 B5 B1080-20,CCAFS SLC-40,Starlink: Group 10-16,15500.0,LEO,SpaceX,Success,1.0,Drone ship,28.5623,-80.5774
497,2025-06-28 04:26:00,F9 B5 B1092-5,CCAFS SLC-40,Starlink: Group 10-34,15500.0,LEO,SpaceX,Success,1.0,Drone ship,28.5623,-80.5774
498,2025-06-28 17:13:00,F9 B5 B1088-8,VAFB SLC-4E,Starlink: Group 15-7,14950.0,LEO,SpaceX,Success,1.0,Drone ship,34.6321,-120.6108
499,2025-07-01 21:04:00,F9 B5 B1085-9,KSC LC-39A,MTG-S1 / Sentinel-4A,3800.0,GTO,EUMETSAT,Success,1.0,Drone ship,28.608,-80.6041
500,2025-07-02 06:28:00,F9 B5 B1067-29,CCAFS SLC-40,Starlink: Group 10-25,15500.0,LEO,SpaceX,Success,1.0,Drone ship,28.5623,-80.5774
501,2025-07-08 08:21:00,F9 B5 B1077-22,CCAFS SLC-40,Starlink: Group 10-28,16100.0,LEO,SpaceX,Success,1.0,Drone ship,28.5623,-80.5774
502,2025-07-13 05:04:00,F9 B5 B1083-13,CCAFS SLC-40,Dror-1 [he],4000.0,GTO,IAI,Success,1.0,Drone ship,28.5623,-80.5774
503,2025-07-16 02:05:00,F9 B5 B1093-4,VAFB SLC-4E,Starlink: Group 15-2,14950.0,LEO,SpaceX,Success,1.0,Drone ship,34.6321,-120.6108
504,2025-07-16 06:30:00,F9 B5 B1096-1,CCAFS SLC-40,KuiperSat × 24 (KF-01),14784.0,LEO,Amazon (Kuiper Systems),Success,1.0,Drone ship,28.5623,-80.5774
505,2025-07-19 03:52:00,F9 B5 B1082-14,VAFB SLC-4E,Starlink: Group 17-3,17500.0,SSO,SpaceX,Success,1.0,Drone ship,34.6321,-120.6108
506,2025-07-22 21:12:00,F9 B5 B1090-6,CCAFS SLC-40,O3b mPOWER 9 & 10,3400.0,MEO,SES,Success,1.0,Drone ship,28.5623,-80.5774
507,2025-07-23 18:13:00,F9 B5 B1081-16,VAFB SLC-4E,TRACERS (2 satellites) + 5 rideshares,920.0,SSO,NASA,Success,1.0,Ground pad,34.6321,-120.6108
508,2025-07-26 09:01:00,F9 B5 B1078-22,CCAFS SLC-40,Starlink: Group 10-26,16100.0,LEO,SpaceX,Success,1.0,Drone ship,28.5623,-80.5774
509,2025-07-27 04:31:00,F9 B5 B1075-19,VAFB SLC-4E,Starlink: Group 17-2,17500.0,SSO,SpaceX,Success,1.0,Drone ship,34.6321,-120.6108
510,2025-07-30 03:37:00,F9 B5 B1069-26,CCAFS SLC-40,Starlink: Group 10-29,16100.0,LEO,SpaceX,Success,1.0,Drone ship,28.5623,-80.5774
511,2025-07-31 18:35:00,F9 B5 B1071-27,VAFB SLC-4E,Starlink: Group 13-4 + 2 Starshield satellites,14060.0,SSO,SpaceX,Success,1.0,Drone ship,34.6321,-120.6108
512,2025-08-01 15:43:00,F9 B5 B1094-3,KSC LC-39A,Crew-11 (Crew Dragon C206-6 Endeavour),13000.0,LEO (ISS),NASA (CCP),Success,1.0,Ground pad,28.608,-80.6041
513,2025-08-04 07:57:00,F9 B5 B1080-21,CCAFS SLC-40,Starlink: Group 10-30,16100.0,LEO,SpaceX,Success,1.0,Drone ship,28.5623,-80.5774
514,2025-08-11 12:35:00,F9 B5 B1091-1,CCAFS SLC-40,KuiperSat × 24 (KF-02),14784.0,LEO,Amazon (Kuiper Systems),Success,1.0,Drone ship,28.5623,-80.5774
515,2025-08-14 05:05:00,F9 B5 B1093-5,VAFB SLC-4E,Starlink: Group 17-4,17500.0,SSO,SpaceX,Success,1.0,Drone ship,34.6321,-120.6108
516,2025-08-14 12:29:00,F9 B5 B1085-10,CCAFS SLC-40,Starlink: Group 10-20,16100.0,LEO,SpaceX,Success,1.0,Drone ship,28.5623,-80.5774
517,2025-08-18 16:26:00,F9 B5 B1088-9,VAFB SLC-4E,Starlink: Group 17-5,17500.0,SSO,SpaceX,Success,1.0,Drone ship,34.6321,-120.6108
518,2025-08-22 03:50:00,F9 B5 B1092-6,KSC LC-39A,USSF-36 (Boeing X-37B OTV-8),4990.0,LEO,USSF,Success,1.0,Ground pad,28.608,-80.6041
519,2025-08-22 17:04:00,F9 B5 B1081-17,VAFB SLC-4E,Starlink: Group 17-6,17500.0,SSO,SpaceX,Success,1.0,Drone ship,34.6321,-120.6108
520,2025-08-24 06:45:00,F9 B5 B1090-7,CCAFS SLC-40,SpaceX CRS-33 (Dragon C211-3),2300.0,LEO (ISS),NASA (CRS),Success,1.0,Drone ship,28.5623,-80.5774
521,2025-08-26 18:53:00,F9 B5 B1063-27,VAFB SLC-4E,NAOS + 7 rideshares,1370.0,SSO,Luxembourg Armed Forces & others,Success,1.0,Ground pad,34.6321,-120.6108
522,2025-08-27 11:10:00,F9 B5 B1095-2,CCAFS SLC-40,Starlink: Group 10-56,16100.0,LEO,SpaceX,Success,1.0,Drone ship,28.5623,-80.5774
523,2025-08-28 08:12:00,F9 B5 B1067-30,KSC LC-39A,Starlink: Group 10-11,16100.0,LEO,SpaceX,Success,1.0,Drone ship,28.608,-80.6041
524,2025-08-30 04:59:00,F9 B5 B1082-15,VAFB SLC-4E,Starlink: Group 17-7,17500.0,SSO,SpaceX,Success,1.0,Drone ship,34.6321,-120.6108
525,2025-08-31 11:49:00,F9 B5 B1077-23,CCAFS SLC-40,Starlink: Group 10-14,16100.0,LEO,SpaceX,Success,1.0,Drone ship,28.5623,-80.5774
526,2025-09-03 03:51:00,F9 B5 B1097-1,VAFB SLC-4E,Starlink: Group 17-8,17500.0,SSO,SpaceX,Success,1.0,Drone ship,34.6321,-120.6108
527,2025-09-03 11:56:00,F9 B5 B1083-14,CCAFS SLC-40,Starlink: Group 10-22,16100.0,LEO,SpaceX,Success,1.0,Drone ship,28.5623,-80.5774
528,2025-09-05 12:32:00,F9 B5 B1069-27,KSC LC-39A,Starlink: Group 10-57,16100.0,LEO,SpaceX,Success,1.0,Drone ship,28.608,-80.6041
529,2025-09-06 18:06:00,F9 B5 B1075-20,VAFB SLC-4E,Starlink: Group 17-9,17500.0,SSO,SpaceX,Success,1.0,Drone ship,34.6321,-120.6108
530,2025-09-10 14:12:00,F9 B5 B1093-6,VAFB SLC-4E,SDA Tranche 1 Transport Layer B (21 satellites),,Polar LEO,SDA,Success,1.0,Drone ship,34.6321,-120.6108
531,2025-09-12 01:56:00,F9 B5 B1078-23,CCAFS SLC-40,Nusantara Lima,7800.0,GTO,PT Pasifik Satelit Nusantara,Success,1.0,Drone ship,28.5623,-80.5774
532,2025-09-13 17:55:00,F9 B5 B1071-28,VAFB SLC-4E,Starlink: Group 17-10,17500.0,SSO,SpaceX,Success,1.0,Drone ship,34.6321,-120.6108
533,2025-09-14 22:11:00,F9 B5 B1094-4,CCAFS SLC-40,"CRS NG-23 (S.S. William ""Willie"" C. McCool)",5000.0,LEO (ISS),Northrop Grumman (CRS),Success,1.0,Ground pad,28.5623,-80.5774
534,2025-09-18 09:30:00,F9 B5 B1092-7,CCAFS SLC-40,Starlink: Group 10-61,16100.0,LEO,SpaceX,Success,1.0,Drone ship,28.5623,-80.5774
535,2025-09-19 16:31:00,F9 B5 B1088-10,VAFB SLC-4E,Starlink: Group 17-12,17500.0,SSO,SpaceX,Success,1.0,Drone ship,34.6321,-120.6108
536,2025-09-21 10:53:00,F9 B5 B1085-11,CCAFS SLC-40,Starlink: Group 10-27,16100.0,LEO,SpaceX,Success,1.0,Drone ship,28.5623,-80.5774
537,2025-09-22 17:38:00,F9 B5 B1081-18,VAFB SLC-4E,NROL-48 (8 Starshield satellites),,LEO,NRO,Success,1.0,Ground pad,34.6321,-120.6108
538,2025-09-24 11:30:00,F9 B5 B1096-2,KSC LC-39A,Interstellar Mapping and Acceleration Probe (IMAP),1477.0,Sun–Earth L1,NASA,Success,1.0,Drone ship,28.608,-80.6041
539,2025-09-25 08:39:00,F9 B5 B1080-22,CCAFS SLC-40,Starlink: Group 10-15,16100.0,LEO,SpaceX,Success,1.0,Drone ship,28.5623,-80.5774
540,2025-09-26 04:26:00,F9 B5 B1082-16,VAFB SLC-4E,Starlink: Group 17-11,17500.0,SSO,SpaceX,Success,1.0,Drone ship,34.6321,-120.6108
541,2025-09-29 02:04:00,F9 B5 B1063-28,VAFB SLC-4E,Starlink: Group 11-20,16100.0,LEO,SpaceX,Success,1.0,Drone ship,34.6321,-120.6108
542,2025-10-03 14:06:00,F9 B5 B1097-2,VAFB SLC-4E,Starlink: Group 11-39,16100.0,LEO,SpaceX,Success,1.0,Drone ship,34.6321,-120.6108
543,2025-10-07 06:46:00,F9 B5 B1090-8,CCAFS SLC-40,Starlink: Group 10-59,16100.0,LEO,SpaceX,Success,1.0,Drone ship,28.5623,-80.5774
544,2025-10-08 03:54:00,F9 B5 B1071-29,VAFB SLC-4E,Starlink: Group 11-17,16100.0,LEO,SpaceX,Success,1.0,Drone ship,34.6321,-120.6108
545,2025-10-14 01:58:00,F9 B5 B1091-2,CCAFS SLC-40,KuiperSat × 24 (KF-03),14784.0,LEO,Amazon (Kuiper Systems),Success,1.0,Drone ship,28.5623,-80.5774
546,2025-10-15 23:06:00,F9 B5 B1093-7,VAFB SLC-4E,SDA Tranche 1 Transport Layer C (21 satellites),,Polar LEO,SDA,Success,1.0,Drone ship,34.6321,-120.6108
547,2025-10-16 09:27:00,F9 B5 B1095-3,CCAFS SLC-40,Starlink: Group 10-52,16100.0,LEO,SpaceX,Success,1.0,Drone ship,28.5623,-80.5774
548,2025-10-19 17:39:00,F9 B5 B1067-31,CCAFS SLC-40,Starlink: Group 10-17,16100.0,LEO,SpaceX,Success,1.0,Drone ship,28.5623,-80.5774
549,2025-10-19 19:24:00,F9 B5 B1088-11,VAFB SLC-4E,Starlink: Group 11-19,16100.0,LEO,SpaceX,Success,1.0,Drone ship,34.6321,-120.6108
550,2025-10-22 14:16:00,F9 B5 B1075-21,VAFB SLC-4E,Starlink: Group 11-5,16100.0,LEO,SpaceX,Success,1.0,Drone ship,34.6321,-120.6108
551,2025-10-24 01:30:00,F9 B5 B1076-22,CCAFS SLC-40,Spainsat NG II,6100.0,GTO,Hisdesat,Success,,No attempt,28.5623,-80.5774
552,2025-10-25 14:20:00,F9 B5 B1081-19,VAFB SLC-4E,Starlink: Group 11-12,16100.0,LEO,SpaceX,Success,1.0,Drone ship,34.6321,-120.6108
553,2025-10-26 15:00:00,F9 B5 B1077-24,CCAFS SLC-40,Starlink: Group 10-21,16100.0,LEO,SpaceX,Success,1.0,Drone ship,28.5623,-80.5774
554,2025-10-28 00:43:00,F9 B5 B1082-17,VAFB SLC-4E,Starlink: Group 11-21,16100.0,LEO,SpaceX,Success,1.0,Drone ship,34.6321,-120.6108
555,2025-10-29 16:35:00,F9 B5 B1083-15,CCAFS SLC-40,Starlink: Group 10-37,16675.0,LEO,SpaceX,Success,1.0,Drone ship,28.5623,-80.5774
556,2025-10-31 20:41:00,F9 B5 B1063-29,VAFB SLC-4E,Starlink: Group 11-23,16100.0,LEO,SpaceX,Success,1.0,Drone ship,34.6321,-120.6108
557,2025-11-02 05:09:00,F9 B5 B1091-3,CCAFS SLC-40,Bandwagon-4 (18 payloads smallsat rideshare),,LEO,Various,Success,1.0,Ground pad,28.5623,-80.5774
558,2025-11-06 01:31:00,F9 B5 B1094-5,CCAFS SLC-40,Starlink: Group 6-81,16675.0,LEO,SpaceX,Success,1.0,Drone ship,28.5623,-80.5774
559,2025-11-06 21:13:00,F9 B5 B1093-8,VAFB SLC-4E,Starlink: Group 11-14,16100.0,LEO,SpaceX,Success,1.0,Drone ship,34.6321,-120.6108
560,2025-11-09 08:10:00,F9 B5 B1069-28,KSC LC-39A,Starlink: Group 10-51,16675.0,LEO,SpaceX,Success,1.0,Drone ship,28.608,-80.6041
561,2025-11-11 03:21:00,F9 B5 B1096-3,CCAFS SLC-40,Starlink: Group 6-87,16675.0,LEO,SpaceX,Success,1.0,Drone ship,28.5623,-80.5774
562,2025-11-15 03:08:00,F9 B5 B1092-8,KSC LC-39A,Starlink: Group 6-89,16675.0,LEO,SpaceX,Success,1.0,Drone ship,28.608,-80.6041
563,2025-11-15 06:44:00,F9 B5 B1078-24,CCAFS SLC-40,Starlink: Group 6-85,16675.0,LEO,SpaceX,Success,1.0,Drone ship,28.5623,-80.5774
564,2025-11-17 05:21:00,F9 B5 B1097-3,VAFB SLC-4E,Sentinel-6B,1440.0,LEO,NASA / NOAA / EUMETSAT / ESA,Success,1.0,Ground pad,34.6321,-120.6108
565,2025-11-19 00:12:00,F9 B5 B1085-12,CCAFS SLC-40,Starlink: Group 6-94,16675.0,LEO,SpaceX,Success,1.0,Drone ship,28.5623,-80.5774
566,2025-11-21 03:39:00,F9 B5 B1080-23,KSC LC-39A,Starlink: Group 6-78,16675.0,LEO,SpaceX,Success,1.0,Drone ship,28.608,-80.6041
567,2025-11-22 07:53:00,F9 B5 B1090-9,CCAFS SLC-40,Starlink: Group 6-79,16675.0,LEO,SpaceX,Success,1.0,Drone ship,28.5623,-80.5774
568,2025-11-23 08:48:00,F9 B5 B1100-1,VAFB SLC-4E,Starlink: Group 11-30,16100.0,LEO,SpaceX,Success,1.0,Drone ship,34.6321,-120.6108
569,2025-11-28 18:44:00,F9 B5 B1071-30,VAFB SLC-4E,Transporter-15 (140 payloads smallsat rideshare),,SSO,Various,Success,1.0,Drone ship,34.6321,-120.6108
570,2025-12-01 07:44:00,F9 B5 B1095-4,KSC LC-39A,Starlink: Group 6-86,16675.0,LEO,SpaceX,Success,1.0,Drone ship,28.608,-80.6041
571,2025-12-02 05:28:00,F9 B5 B1081-20,VAFB SLC-4E,Starlink: Group 15-10,15525.0,LEO,SpaceX,Success,1.0,Drone ship,34.6321,-120.6108
572,2025-12-02 22:18:00,F9 B5 B1077-25,CCAFS SLC-40,Starlink: Group 6-95,16675.0,LEO,SpaceX,Success,1.0,Drone ship,28.5623,-80.5774
573,2025-12-04 20:42:00,F9 B5 B1097-4,VAFB SLC-4E,Starlink: Group 11-25,16100.0,LEO,SpaceX,Success,1.0,Drone ship,34.6321,-120.6108
574,2025-12-07 17:58:00,F9 B5 B1088-12,VAFB SLC-4E,Starlink: Group 11-15,16100.0,LEO,SpaceX,Success,1.0,Drone ship,34.6321,-120.6108
575,2025-12-08 22:26:00,F9 B5 B1067-32,KSC LC-39A,Starlink: Group 6-92,16675.0,LEO,SpaceX,Success,1.0,Drone ship,28.608,-80.6041
576,2025-12-09 19:16:00,F9 B5 B1096-4,CCAFS SLC-40,NROL-77,,LEO,NRO,Success,1.0,Ground pad,28.5623,-80.5774
577,2025-12-10 11:40:00,F9 B5 B1082-18,VAFB SLC-4E,Starlink: Group 15-11,15525.0,LEO,SpaceX,Success,1.0,Drone ship,34.6321,-120.6108
578,2025-12-11 22:01:00,F9 B5 B1083-16,CCAFS SLC-40,Starlink: Group 6-90,16675.0,LEO,SpaceX,Success,1.0,Drone ship,28.5623,-80.5774
579,2025-12-14 05:49:00,F9 B5 B1093-9,VAFB SLC-4E,Starlink: Group 15-12,15525.0,LEO,SpaceX,Success,1.0,Drone ship,34.6321,-120.6108
580,2025-12-15 05:25:00,F9 B5 B1092-9,CCAFS SLC-40,Starlink: Group 6-82,16675.0,LEO,SpaceX,Success,1.0,Drone ship,28.5623,-80.5774
581,2025-12-17 13:42:00,F9 B5 B1094-6,KSC LC-39A,Starlink: Group 6-99,16675.0,LEO,SpaceX,Success,1.0,Drone ship,28.608,-80.6041
582,2025-12-17 15:27:00,F9 B5 B1063-30,VAFB SLC-4E,Starlink: Group 15-13,15525.0,LEO,SpaceX,Success,1.0,Drone ship,34.6321,-120.6108
583,2026-01-03 02:09:00,F9 B5 B1081-21,VAFB SLC-4E,CSG-3,2230.0,SSO,ASI,Success,1.0,Ground pad,34.6321,-120.6108
584,2026-01-04 06:48:00,F9 B5 B1101-1,CCAFS SLC-40,Starlink: Group 6-88,16675.0,LEO,SpaceX,Success,1.0,Drone ship,28.5623,-80.5774
585,2026-01-09 21:41:00,F9 B5 B1069-29,CCAFS SLC-40,Starlink: Group 6-96,16675.0,LEO,SpaceX,Success,1.0,Drone ship,28.5623,-80.5774
586,2026-01-11 13:44:00,F9 B5 B1097-5,VAFB SLC-4E,Twilight (Pandora and others 39 payloads),325.0,SSO,NASA & Various,Success,1.0,Ground pad,34.6321,-120.6108
587,2026-01-12 21:08:00,F9 B5 B1078-25,CCAFS SLC-40,Starlink: Group 6-97,16675.0,LEO,SpaceX,Success,1.0,Drone ship,28.5623,-80.5774
588,2026-01-14 18:08:00,F9 B5 B1085-13,CCAFS SLC-40,Starlink: Group 6-98,16675.0,LEO,SpaceX,Success,1.0,Drone ship,28.5623,-80.5774
589,2026-01-17 04:39:00,F9 B5 B1100-2,VAFB SLC-4E,NROL-105 (9 Starshield satellites),,LEO,NRO,Success,1.0,Ground pad,34.6321,-120.6108
590,2026-01-18 23:31:00,F9 B5 B1080-24,CCAFS SLC-40,Starlink: Group 6-100,16675.0,LEO,SpaceX,Success,1.0,Drone ship,28.5623,-80.5774
591,2026-01-22 05:47:00,F9 B5 B1093-10,VAFB SLC-4E,Starlink: Group 17-30,14375.0,SSO,SpaceX,Success,1.0,Drone ship,34.6321,-120.6108
592,2026-01-25 17:30:00,F9 B5 B1097-6,VAFB SLC-4E,Starlink: Group 17-20,14375.0,SSO,SpaceX,Success,1.0,Drone ship,34.6321,-120.6108
593,2026-01-28 04:53:00,F9 B5 B1096-5,CCAFS SLC-40,GPS III-9,4350.0,MEO,USSF,Success,1.0,Drone ship,28.5623,-80.5774
594,2026-01-29 17:53:00,F9 B5 B1082-19,VAFB SLC-4E,Starlink: Group 17-19,14375.0,SSO,SpaceX,Success,1.0,Drone ship,34.6321,-120.6108
595,2026-01-30 07:22:00,F9 B5 B1095-5,CCAFS SLC-40,Starlink: Group 6-101,16675.0,LEO,SpaceX,Success,1.0,Drone ship,28.5623,-80.5774
596,2026-02-02 15:47:00,F9 B5 B1071-31,VAFB SLC-4E,Starlink: Group 17-32,14375.0,SSO,SpaceX,Success,1.0,Drone ship,34.6321,-120.6108
597,2026-02-07 20:58:00,F9 B5 B1088-13,VAFB SLC-4E,Starlink: Group 17-33,14375.0,SSO,SpaceX,Success,1.0,Drone ship,34.6321,-120.6108
598,2026-02-11 17:11:00,F9 B5 B1100-3,VAFB SLC-4E,Starlink: Group 17-34,13800.0,SSO,SpaceX,Success,1.0,Drone ship,34.6321,-120.6108
599,2026-02-13 10:15:00,F9 B5 B1101-2,CCAFS SLC-40,Crew-12 (Crew Dragon C212-5 Freedom),13000.0,LEO (ISS),NASA (CTS),Success,1.0,Ground pad,28.5623,-80.5774
600,2026-02-15 01:59:00,F9 B5 B1081-22,VAFB SLC-4E,Starlink: Group 17-13,13800.0,SSO,SpaceX,Success,1.0,Drone ship,34.6321,-120.6108
601,2026-02-16 07:59:00,F9 B5 B1090-10,CCAFS SLC-40,Starlink: Group 6-103,16675.0,LEO,SpaceX,Success,1.0,Drone ship,28.5623,-80.5774
602,2026-02-20 01:41:00,F9 B5 B1077-26,CCAFS SLC-40,Starlink: Group 10-36,16675.0,LEO,SpaceX,Success,1.0,Drone ship,28.5623,-80.5774
603,2026-02-21 09:04:00,F9 B5 B1063-31,VAFB SLC-4E,Starlink: Group 17-25,14375.0,SSO,SpaceX,Success,1.0,Drone ship,34.6321,-120.6108
604,2026-02-22 03:47:00,F9 B5 B1067-33,CCAFS SLC-40,Starlink: Group 6-104,16100.0,LEO,SpaceX,Success,1.0,Drone ship,28.5623,-80.5774
605,2026-02-24 23:04:00,F9 B5 B1092-10,CCAFS SLC-40,Starlink: Group 6-110,16675.0,LEO,SpaceX,Success,1.0,Drone ship,28.5623,-80.5774
606,2026-02-25 14:17:00,F9 B5 B1093-11,VAFB SLC-4E,Starlink: Group 17-26,14375.0,SSO,SpaceX,Success,1.0,Drone ship,34.6321,-120.6108
607,2026-02-27 12:16:00,F9 B5 B1069-30,CCAFS SLC-40,Starlink: Group 6-108,16675.0,LEO,SpaceX,Success,1.0,Drone ship,28.5623,-80.5774
608,2026-03-01 10:10:00,F9 B5 B1082-20,VAFB SLC-4E,Starlink: Group 17-23,14375.0,SSO,SpaceX,Success,1.0,Drone ship,34.6321,-120.6108
609,2026-03-02 02:56:00,F9 B5 B1078-26,CCAFS SLC-40,Starlink: Group 10-41,16675.0,LEO,SpaceX,Success,1.0,Drone ship,28.5623,-80.5774
610,2026-03-04 10:52:00,F9 B5 B1080-25,CCAFS SLC-40,Starlink: Group 10-40,16675.0,LEO,SpaceX,Success,1.0,Drone ship,28.5623,-80.5774
611,2026-03-08 11:00:00,F9 B5 B1097-7,VAFB SLC-4E,Starlink: Group 17-18,14375.0,SSO,SpaceX,Success,1.0,Drone ship,34.6321,-120.6108
612,2026-03-10 04:19:00,F9 B5 B1085-14,CCAFS SLC-40,EchoStar XXV,6800.0,GTO,EchoStar,Success,1.0,Drone ship,28.5623,-80.5774
613,2026-03-13 14:57:00,F9 B5 B1071-32,VAFB SLC-4E,Starlink: Group 17-31,14375.0,SSO,SpaceX,Success,1.0,Drone ship,34.6321,-120.6108
614,2026-03-14 12:37:00,F9 B5 B1095-6,CCAFS SLC-40,Starlink: Group 10-48,16675.0,LEO,SpaceX,Success,1.0,Drone ship,28.5623,-80.5774
615,2026-03-17 05:19:00,F9 B5 B1088-14,VAFB SLC-4E,Starlink: Group 17-24,14375.0,SSO,SpaceX,Success,1.0,Drone ship,34.6321,-120.6108
616,2026-03-17 13:27:00,F9 B5 B1090-11,CCAFS SLC-40,Starlink: Group 10-46,16675.0,LEO,SpaceX,Success,1.0,Drone ship,28.5623,-80.5774
617,2026-03-19 14:20:00,F9 B5 B1077-27,CCAFS SLC-40,Starlink: Group 10-33,16675.0,LEO,SpaceX,Success,1.0,Drone ship,28.5623,-80.5774
618,2026-03-20 21:51:00,F9 B5 B1100-4,VAFB SLC-4E,Starlink: Group 17-15,14375.0,SSO,SpaceX,Success,1.0,Drone ship,34.6321,-120.6108
619,2026-03-22 14:47:00,F9 B5 B1078-27,CCAFS SLC-40,Starlink: Group 10-62,16675.0,LEO,SpaceX,Success,1.0,Drone ship,28.5623,-80.5774
620,2026-03-26 23:03:00,F9 B5 B1081-23,VAFB SLC-4E,Starlink: Group 17-17,14375.0,SSO,SpaceX,Success,1.0,Drone ship,34.6321,-120.6108
621,2026-03-30 11:02:00,F9 B5 B1093-12,VAFB SLC-4E,Transporter-16 (119 payloads smallsat rideshare),,SSO,Various,Success,1.0,Drone ship,34.6321,-120.6108
622,2026-03-30 21:15:00,F9 B5 B1067-34,CCAFS SLC-40,Starlink: Group 10-44,16675.0,LEO,SpaceX,Success,1.0,Drone ship,28.5623,-80.5774
623,2026-04-02 11:55:00,F9 B5 B1085-15,CCAFS SLC-40,Starlink: Group 10-58,16675.0,LEO,SpaceX,Success,1.0,Drone ship,28.5623,-80.5774
624,2026-04-07 02:50:00,F9 B5 B1103-1,VAFB SLC-4E,Starlink: Group 17-35,14375.0,SSO,SpaceX,Success,1.0,Drone ship,34.6321,-120.6108
625,2026-04-11 05:04:00,F9 B5 B1063-32,VAFB SLC-4E,Starlink: Group 17-21,14375.0,SSO,SpaceX,Success,1.0,Drone ship,34.6321,-120.6108
626,2026-04-11 11:41:00,F9 B5 B1094-7,CCAFS SLC-40,Cygnus NG-24,5000.0,LEO (ISS),Northrop Grumman (CRS),Success,1.0,Ground pad,28.5623,-80.5774
627,2026-04-14 09:33:00,F9 B5 B1080-26,CCAFS SLC-40,Starlink: Group 10-24,16675.0,LEO,SpaceX,Success,1.0,Drone ship,28.5623,-80.5774
628,2026-04-15 04:29:00,F9 B5 B1082-21,VAFB SLC-4E,Starlink: Group 17-27,14375.0,SSO,SpaceX,Success,1.0,Drone ship,34.6321,-120.6108
629,2026-04-19 16:03:00,F9 B5 B1097-8,VAFB SLC-4E,Starlink: Group 17-22,14375.0,LEO,SpaceX,Success,1.0,Drone ship,34.6321,-120.6108
630,2026-04-21 06:53:00,F9 B5 B1095-7,CCAFS SLC-40,GPS III-10,4350.0,MEO,USSF,Success,1.0,Drone ship,28.5623,-80.5774
631,2026-04-23 03:23:00,F9 B5 B1100-5,VAFB SLC-4E,Starlink: Group 17-14,13800.0,SSO,SpaceX,Success,1.0,Drone ship,34.6321,-120.6108
632,2026-04-26 14:37:00,F9 B5 B1088-15,VAFB SLC-4E,Starlink: Group 17-16,14375.0,SSO,SpaceX,Success,1.0,Drone ship,34.6321,-120.6108
633,2026-04-30 02:42:00,F9 B5 B1093-13,VAFB SLC-4E,Starlink: Group 17-36,13800.0,SSO,SpaceX,Success,1.0,Drone ship,34.6321,-120.6108
634,2026-05-01 18:06:00,F9 B5 B1069-31,CCAFS SLC-40,Starlink: Group 10-38,16675.0,LEO,SpaceX,Success,1.0,Drone ship,28.5623,-80.5774
635,2026-05-03 07:00:00,F9 B5 B1071-33,VAFB SLC-4E,CAS500-2 45 Rideshares,500.0,SSO,Korea Aerospace Industries & Others,Success,1.0,Ground pad,34.6321,-120.6108
636,2026-05-06 03:59:00,F9 B5 B1081-24,VAFB SLC-4E,Starlink: Group 17-29,13800.0,SSO,SpaceX,Success,1.0,Drone ship,34.6321,-120.6108
637,2026-05-12 02:13:00,F9 B5 B1097-9,VAFB SLC-4E,NROL-172 (22 Starshield satellites),,LEO,NRO,Success,1.0,Drone ship,34.6321,-120.6108
638,2026-05-15 22:05:00,F9 B5 B1096-6,CCAFS SLC-40,SpaceX CRS-34 (Cargo Dragon C209-6),2948.0,LEO (ISS),NASA (CRS),Success,1.0,Ground pad,28.5623,-80.5774
639,2026-05-20 02:46:00,F9 B5 B1103-2,VAFB SLC-4E,Starlink: Group 17-42,13800.0,SSO,SpaceX,Success,1.0,Drone ship,34.6321,-120.6108
640,2026-05-21 10:04:00,F9 B5 B1077-28,CCAFS SLC-40,Starlink: Group 10-31,16675.0,LEO,SpaceX,Success,1.0,Drone ship,28.5623,-80.5774
641,2026-05-25 11:48:00,F9 B5 B1078-28,CCAFS SLC-40,Starlink: Group 10-47,16675.0,LEO,SpaceX,Success,1.0,Drone ship,28.5623,-80.5774
642,2026-05-26 14:50:00,F9 B5 B1100-6,VAFB SLC-4E,Starlink: Group 17-37,13800.0,SSO,SpaceX,Success,1.0,Drone ship,34.6321,-120.6108
643,2026-05-29 12:57:00,F9 B5 B1085-16,CCAFS SLC-40,Starlink: Group 10-53,16675.0,LEO,SpaceX,Success,1.0,Drone ship,28.5623,-80.5774
644,2026-05-30 15:25:00,F9 B5 B1082-22,VAFB SLC-4E,Starlink: Group 17-41,13800.0,SSO,SpaceX,Success,1.0,Drone ship,34.6321,-120.6108
645,2026-06-03 15:40:00,F9 B5 B1088-16,VAFB SLC-4E,Starlink: Group 17-47,13800.0,SSO,SpaceX,Success,1.0,Drone ship,34.6321,-120.6108
646,2026-06-04 10:26:00,F9 B5 B1090-12,CCAFS SLC-40,Starlink: Group 10-43,16675.0,LEO,SpaceX,Success,1.0,Drone ship,28.5623,-80.5774
647,2026-06-07 04:24:00,F9 B5 B1097-10,VAFB SLC-4E,Starlink: Group 17-43 + 2 Starshield satellites,12075.0,SSO,SpaceX,Success,1.0,Drone ship,34.6321,-120.6108
648,2026-06-08 10:13:00,F9 B5 B1067-35,CCAFS SLC-40,Starlink: Group 10-35,16675.0,LEO,SpaceX,Success,1.0,Drone ship,28.5623,-80.5774
649,2026-06-11 15:05:00,F9 B5 B1071-34,VAFB SLC-4E,Starlink: Group 17-44,13800.0,SSO,SpaceX,Success,1.0,Drone ship,34.6321,-120.6108
650,2026-06-12 12:37:00,F9 B5 B1080-27,CCAFS SLC-40,Starlink: Group 10-54,16675.0,LEO,SpaceX,Success,1.0,Drone ship,28.5623,-80.5774
651,2026-06-15 15:34:00,F9 B5 B1093-14,VAFB SLC-4E,Starlink: Group 17-54,13800.0,SSO,SpaceX,Success,1.0,Drone ship,34.6321,-120.6108
652,2026-06-17 06:39:00,F9 B5 B1077-29,CCAFS SLC-40,"BlueBird Block 2 FM3-5 (3 Satellites, BlueBird 8 to 10)",13500.0,LEO,AST SpaceMobile,Success,1.0,Drone ship,28.5623,-80.5774
653,2026-06-19 08:50:00,F9 B5 B1103-3,VAFB SLC-4E,NROL-179 (9 Starshield satellites),,LEO,NRO,Success,1.0,Ground pad,34.6321,-120.6108
654,2026-06-21 16:39:00,F9 B5 B1063-33,VAFB SLC-4E,Starlink: Group 17-28,13800.0,SSO,SpaceX,Success,1.0,Drone ship,34.6321,-120.6108
655,2026-06-23 10:53:00,F9 B5 B1078-29,CCAFS SLC-40,SpaceX Starfall,,LEO,SpaceX,Success,1.0,Drone ship,28.5623,-80.5774
656,2026-06-25 03:30:00,F9 B5 B1081-25,VAFB SLC-4E,Starlink: Group 17-45,13800.0,SSO,SpaceX,Success,1.0,Drone ship,34.6321,-120.6108
657,2026-06-28 16:09:00,F9 B5 B1088-17,VAFB SLC-4E,Starlink: Group 17-40,13800.0,SSO,SpaceX,Success,1.0,Drone ship,34.6321,-120.6108
658,2026-06-29 02:25:00,F9 B5 B1085-17,CCAFS SLC-40,SXM-11,7000.0,GTO,SiriusXM,Success,1.0,Drone ship,28.5623,-80.5774
659,2026-07-02 02:58:00,F9 B5 B1100-7,VAFB SLC-4E,Starlink: Group 17-46,13800.0,SSO,SpaceX,Success,1.0,Drone ship,34.6321,-120.6108
660,2026-07-05 10:50:00,F9 B5 B1090-13,CCAFS SLC-40,Starlink: Group 10-50,16675.0,LEO,SpaceX,Success,1.0,Drone ship,28.5623,-80.5774
661,2026-07-07 07:12:00,F9 B5 B1097-11,VAFB SLC-4E,Transporter-17 (81 payloads smallsat rideshare),,SSO,Various,Success,1.0,Drone ship,34.6321,-120.6108
662,2026-07-09 09:25:00,F9 B5 B1067-36,CCAFS SLC-40,Starlink: Group 10-42,16675.0,LEO,SpaceX,Success,1.0,Drone ship,28.5623,-80.5774
663,2026-07-11 03:01:00,F9 B5 B1071-35,VAFB SLC-4E,Starlink: Group 17-48,13800.0,SSO,SpaceX,Success,1.0,Drone ship,34.6321,-120.6108
